crop_type,soil_ph,rainfall_mm,temperature_c,humidity_pct,nitrogen,phosphorus,potassium,yield_kg_per_hectare
cotton,5.82,724.6,29.3,82.1,89.7,35.5,43.6,1488.56
sugarcane,5.39,1292.6,26.9,72.4,78.2,19.6,84.3,39367.08
maize,6.7,744.8,30.5,66.5,91.6,79.4,15.0,4427.13
rice,6.8,1091.1,25.4,65.7,91.3,44.9,50.4,3690.9
cotton,6.75,405.6,22.0,70.8,135.8,48.1,52.7,2000.45
sugarcane,7.14,1299.3,25.6,55.7,70.4,47.4,66.6,57453.48
maize,6.93,945.5,26.8,76.4,78.6,43.0,84.4,4337.95
sugarcane,7.17,1829.7,30.7,82.0,122.7,33.4,62.2,68622.18
maize,4.77,873.3,26.3,63.8,113.2,10.0,50.6,2159.29
sugarcane,5.61,1503.3,31.5,76.5,134.7,51.5,25.7,56826.07
sugarcane,6.78,1538.1,36.5,70.5,99.2,57.1,49.9,58806.59
wheat,6.81,581.3,20.0,64.7,60.5,37.4,48.1,2497.49
maize,6.75,446.7,22.2,87.7,109.4,14.9,33.5,3045.6
wheat,6.29,539.9,24.9,48.0,121.8,80.5,94.3,3555.05
cotton,6.45,583.5,31.3,59.3,122.5,44.6,79.4,2267.81
wheat,6.62,406.3,23.2,74.0,71.6,32.7,72.8,2886.5
cotton,5.86,746.3,23.9,89.7,82.6,39.2,71.3,1572.56
rice,6.61,1344.4,29.2,75.0,104.9,48.3,74.3,4150.97
maize,6.4,909.8,29.4,93.0,129.8,42.0,52.1,4095.11
maize,5.77,848.5,22.1,79.0,150.6,30.2,74.3,4749.56
wheat,6.89,323.6,29.1,70.1,128.9,18.0,54.8,2548.25
maize,5.24,622.9,31.5,84.4,96.9,54.1,110.7,3697.46
wheat,5.35,520.8,21.3,75.1,105.5,51.1,97.4,3256.19
cotton,6.28,788.8,32.7,63.2,77.6,35.8,69.2,1750.2
rice,7.04,979.9,24.4,57.5,74.1,23.7,64.0,3375.51
rice,6.96,1378.4,30.8,98.0,130.0,65.4,74.1,5450.51
cotton,5.51,960.0,22.6,84.8,115.2,47.5,62.1,1414.54
sugarcane,7.69,1486.0,33.2,50.2,193.6,78.2,82.3,91563.93
sugarcane,6.52,1313.9,37.4,61.9,84.4,34.6,52.3,46631.68
cotton,5.76,633.2,25.9,58.9,171.8,52.3,29.8,2209.06
sugarcane,6.86,1912.4,25.7,93.8,84.4,22.0,50.3,50274.03
rice,7.09,1400.0,27.3,38.7,95.3,47.5,55.0,4044.32
sugarcane,7.28,1882.5,32.4,81.0,131.3,63.6,34.3,65730.49
sugarcane,7.08,1469.9,32.8,66.5,93.0,48.7,72.7,62858.92
rice,5.73,1043.8,35.8,67.4,128.5,41.7,53.2,3229.13
sugarcane,6.02,1293.1,34.0,76.5,109.3,47.1,80.6,62408.82
sugarcane,7.14,1138.9,27.5,79.1,132.1,10.0,15.0,41526.61
sugarcane,6.43,1689.1,29.9,59.4,176.9,64.2,19.2,69023.86
wheat,5.59,582.3,27.3,73.7,113.2,46.5,49.8,2771.13
rice,7.22,1191.6,29.2,51.5,125.6,18.7,60.8,3615.09
sugarcane,6.14,1830.8,22.9,90.0,99.4,44.9,41.4,48129.95
cotton,7.05,755.0,31.8,83.9,91.1,19.4,38.1,1473.72
wheat,6.76,551.5,20.4,57.2,110.9,54.0,84.0,4303.57
wheat,7.44,767.9,19.6,81.7,59.2,59.1,51.8,2443.3
rice,6.07,1031.2,24.4,57.2,92.7,44.1,42.1,2839.93
sugarcane,5.97,1587.7,25.7,93.6,151.3,36.6,20.7,55824.81
maize,6.79,791.8,16.2,55.4,106.2,44.0,60.2,4342.33
sugarcane,6.6,1463.2,29.2,76.7,72.6,42.4,57.4,56942.63
wheat,7.34,735.0,16.7,63.7,118.5,81.9,57.3,3956.05
cotton,6.21,1035.5,34.3,62.5,150.2,54.5,59.7,2219.34
rice,7.34,810.3,24.9,39.5,100.6,57.9,85.0,4189.73
cotton,6.75,416.3,32.4,77.0,152.4,42.4,57.6,2113.26
rice,7.39,889.7,28.6,66.9,71.5,53.8,69.9,3651.91
maize,6.93,752.3,20.5,75.1,92.4,63.8,50.3,4645.91
wheat,5.1,611.6,15.1,51.8,108.5,28.8,57.5,2202.19
maize,7.2,656.9,23.1,76.1,90.8,22.9,102.5,4083.6
rice,7.2,1003.0,29.1,81.6,76.0,46.4,85.5,3301.16
wheat,6.06,619.1,24.8,71.1,112.6,29.2,40.9,2350.72
wheat,7.34,628.4,16.5,68.0,193.1,63.3,46.2,4435.34
maize,5.53,579.6,26.9,79.8,109.6,15.5,64.9,3345.89
sugarcane,6.14,1313.6,28.6,55.9,111.7,30.0,60.4,55848.6
rice,7.16,1286.3,35.3,67.0,129.8,60.0,20.1,4312.29
sugarcane,6.14,1609.8,27.9,42.7,53.0,45.9,60.2,45973.77
sugarcane,7.13,1453.0,34.5,44.4,83.8,10.0,94.9,55320.96
rice,7.3,1105.8,31.9,52.2,128.5,70.9,15.0,3612.84
wheat,6.92,627.3,22.7,66.0,133.4,41.6,66.6,3747.46
sugarcane,6.26,1328.9,32.6,62.1,120.1,82.4,72.4,76539.1
wheat,6.25,778.8,22.2,72.1,134.8,84.8,95.0,3722.43
wheat,6.43,648.8,23.6,69.3,79.0,50.2,58.3,3096.25
rice,6.84,1146.2,31.2,98.0,116.4,49.5,45.8,3798.65
sugarcane,6.25,1558.6,33.6,55.3,167.5,44.3,56.7,67748.53
cotton,8.18,549.3,42.3,70.6,20.0,38.1,81.6,1078.5
rice,6.06,938.8,22.8,88.9,132.9,44.0,60.6,3515.21
rice,6.46,1261.7,35.2,76.3,117.6,53.0,60.0,3773.88
rice,6.16,1126.2,30.5,62.5,66.8,25.2,65.8,2768.26
wheat,6.04,629.3,21.9,86.5,102.6,27.9,23.9,1897.03
maize,5.55,710.9,21.5,65.9,109.8,21.3,71.1,3468.54
wheat,6.1,658.7,17.3,58.8,125.6,45.3,100.5,3218.03
cotton,5.66,700.8,23.2,52.3,62.3,10.6,43.7,1178.2
sugarcane,5.6,1860.3,32.2,84.3,146.4,27.0,103.6,66256.01
wheat,7.47,301.2,18.6,62.8,60.7,31.0,32.8,2268.22
cotton,7.46,375.6,24.5,59.3,200.0,47.7,71.3,2050.61
maize,5.74,856.9,25.0,62.8,134.9,53.0,47.8,5091.66
sugarcane,6.41,1153.9,28.6,64.4,157.7,58.9,61.6,83757.38
rice,5.73,1045.9,33.6,43.5,136.5,19.6,79.9,2909.85
rice,6.34,1368.1,29.6,54.3,109.3,51.0,53.7,3754.76
wheat,6.82,344.8,14.6,78.4,116.0,41.7,55.4,3081.31
sugarcane,7.37,1772.4,31.5,86.4,109.7,69.5,52.0,65044.34
rice,6.21,1328.6,27.5,59.0,141.9,28.5,69.2,3761.69
sugarcane,5.31,1091.7,28.5,68.4,128.1,31.9,58.7,43371.34
rice,7.18,1218.8,31.6,89.0,105.5,55.0,19.9,3430.92
cotton,6.8,640.7,29.7,53.3,35.8,38.7,34.1,1212.91
sugarcane,6.16,1957.5,33.8,60.1,132.1,62.5,67.4,63803.94
maize,7.29,660.8,26.9,95.2,134.2,68.2,71.1,6628.27
wheat,6.79,638.1,18.9,69.7,99.1,47.1,30.0,3442.33
sugarcane,6.03,1622.4,30.2,54.5,133.0,59.2,53.7,66615.02
maize,5.62,825.2,21.8,85.9,100.9,47.4,63.3,3464.17
sugarcane,7.46,1684.1,20.4,78.2,102.4,62.9,60.1,56231.93
maize,6.66,909.8,23.9,87.7,190.5,38.5,46.1,5814.27
cotton,5.99,791.1,26.6,56.7,74.8,26.1,16.3,1165.24
cotton,7.29,650.0,27.8,77.4,70.7,51.9,58.3,1979.51
sugarcane,6.51,1309.7,32.9,75.1,66.3,55.3,105.0,65423.4
wheat,6.34,409.2,23.2,82.7,122.0,38.2,40.9,2790.41
wheat,7.68,765.5,17.5,62.6,120.0,51.0,68.2,3625.94
maize,5.92,622.0,26.2,59.2,141.8,45.6,92.3,5914.27
maize,6.89,845.7,30.4,68.9,87.7,36.5,45.7,3621.33
sugarcane,7.35,1777.4,36.5,77.1,104.2,47.6,79.1,58272.15
rice,6.89,1350.1,28.2,68.0,138.6,18.2,55.5,3790.5
rice,7.05,1790.8,27.9,71.1,118.7,73.4,53.1,4501.51
cotton,6.99,581.5,25.5,74.9,127.2,34.1,50.3,2252.21
rice,8.01,1065.0,23.0,87.4,149.8,36.8,52.7,2964.33
cotton,5.59,372.2,30.0,61.0,74.3,57.8,59.9,1522.23
maize,6.44,578.0,25.5,76.9,67.0,74.9,73.0,4980.7
rice,5.72,1610.9,28.7,83.6,122.0,53.2,66.4,4155.29
cotton,6.96,644.0,35.4,89.0,122.8,16.6,43.5,1523.04
sugarcane,7.19,1267.3,29.2,41.5,94.2,10.0,23.3,41716.21
sugarcane,6.78,1581.4,28.5,74.1,115.7,28.6,54.7,55780.2
cotton,6.97,929.4,24.1,68.5,100.6,43.4,51.4,1733.99
rice,7.24,1388.1,29.4,64.2,117.4,60.8,84.5,5550.47
wheat,7.09,597.2,23.6,76.9,146.7,35.4,81.3,3826.53
rice,6.19,1244.0,28.2,51.0,132.8,73.2,49.0,5466.29
maize,5.88,670.6,28.5,83.8,213.8,43.3,36.3,5005.81
wheat,6.01,548.4,14.5,61.4,62.9,38.3,48.3,2367.2
sugarcane,7.25,1694.5,23.5,55.4,55.3,81.0,52.9,57696.83
rice,7.52,1359.8,25.9,48.9,86.5,10.0,45.2,2662.73
rice,6.95,1315.2,27.1,58.6,109.1,66.1,65.9,4610.31
wheat,6.12,583.1,14.7,83.0,146.6,39.7,55.3,3256.17
cotton,5.51,641.9,18.6,71.6,100.9,67.2,68.0,1593.07
wheat,6.08,393.4,25.6,45.5,127.6,10.0,69.1,2738.73
cotton,6.72,832.5,25.7,68.6,66.7,56.3,58.8,1790.27
cotton,6.7,743.4,27.4,83.2,36.5,97.9,37.6,1751.82
sugarcane,6.09,1591.5,33.4,56.7,94.0,34.3,52.9,51878.41
rice,7.27,1326.9,27.4,68.9,116.9,53.1,33.5,3996.93
sugarcane,7.19,1958.3,27.0,61.8,53.5,61.8,48.3,50323.37
wheat,6.81,455.8,23.6,66.1,97.3,58.6,48.6,3454.07
wheat,7.38,374.6,24.7,96.4,140.6,10.0,76.3,3227.64
maize,7.75,901.5,23.2,98.0,144.4,39.2,15.0,4269.84
sugarcane,6.66,1119.2,30.4,45.1,145.8,10.0,72.1,64178.59
maize,6.42,808.8,25.2,75.7,108.8,27.9,37.6,3723.25
maize,6.64,865.4,22.7,70.3,84.9,73.1,33.8,4467.45
cotton,6.67,493.2,25.3,72.5,54.2,52.9,54.6,1788.57
wheat,6.93,276.8,21.0,98.0,156.4,52.6,33.8,3497.34
wheat,5.73,466.9,17.1,80.5,99.7,67.5,41.5,3005.35
cotton,6.43,522.1,26.0,59.8,107.2,64.7,28.8,2024.34
sugarcane,7.46,1904.6,24.9,71.7,161.1,14.7,61.3,52741.77
maize,7.77,888.4,18.5,40.4,146.5,35.6,22.0,3719.83
sugarcane,5.83,1250.8,28.7,65.2,83.4,45.6,42.6,50855.7
sugarcane,7.04,1014.1,26.6,78.3,62.5,41.6,52.1,45627.71
wheat,6.59,563.6,23.5,42.9,155.9,57.5,48.5,3593.64
wheat,4.97,490.1,17.0,79.1,87.3,49.9,71.3,1957.26
wheat,6.71,845.9,18.8,62.3,69.5,17.3,30.6,1851.65
wheat,6.01,357.9,28.6,52.2,139.3,45.6,60.0,3013.3
sugarcane,6.62,758.8,34.5,35.9,161.7,64.5,90.5,84515.54
maize,6.13,898.8,25.3,57.4,128.8,28.8,55.6,4451.91
rice,6.44,1299.4,37.6,63.8,87.2,54.5,15.0,2901.16
wheat,6.04,592.2,23.8,30.0,106.2,43.8,46.8,2932.21
cotton,6.65,403.4,23.8,66.0,67.7,55.8,85.6,2116.64
maize,7.4,447.7,23.7,59.6,167.4,43.2,25.1,4692.85
maize,6.1,878.2,28.2,55.1,163.2,69.3,40.3,5412.53
cotton,7.26,472.1,16.5,81.1,62.2,41.0,31.6,1080.82
sugarcane,6.89,1421.5,28.7,62.5,157.9,38.1,90.0,82275.02
sugarcane,5.9,1441.3,23.2,96.8,68.2,44.3,78.4,46524.15
maize,5.64,508.0,31.9,65.1,86.6,63.7,42.9,4081.14
sugarcane,6.83,1403.3,34.2,58.1,109.4,68.6,36.0,54973.77
wheat,6.15,570.2,15.2,68.9,113.1,76.0,50.4,3477.84
wheat,7.16,697.3,19.5,69.3,110.4,35.2,39.6,2410.55
cotton,7.44,588.0,23.3,75.5,151.5,57.9,74.9,2391.21
wheat,6.45,535.9,19.9,76.0,99.2,57.4,53.5,3233.17
rice,7.62,1699.8,31.6,76.3,80.1,51.5,66.1,3351.23
wheat,5.87,314.0,28.2,52.6,102.3,40.0,61.1,2620.94
maize,5.75,920.3,24.6,75.7,184.5,57.4,62.4,6267.64
cotton,6.5,629.0,24.3,80.7,170.5,50.4,61.4,2471.33
cotton,6.23,762.1,33.6,68.3,120.8,75.6,59.8,2738.13
maize,7.3,780.8,21.2,64.7,156.4,49.4,65.8,5663.44
cotton,6.45,560.9,25.4,76.2,168.4,52.1,31.1,2355.58
wheat,7.08,284.4,24.8,69.2,120.9,50.7,70.5,3572.19
maize,6.53,933.3,21.7,68.1,164.7,22.5,41.5,4567.15
rice,5.61,809.8,23.7,85.7,90.7,91.0,43.7,3178.16
rice,7.9,1721.7,34.7,81.4,88.1,59.9,54.9,3349.07
maize,6.48,682.0,28.8,81.4,113.1,71.6,32.2,4835.61
wheat,6.01,533.8,21.9,48.9,116.6,55.4,92.2,3496.64
maize,7.2,881.4,27.4,68.7,127.9,29.6,88.7,5636.79
wheat,6.19,393.9,14.4,30.0,134.3,43.1,73.2,3740.17
rice,6.67,1286.5,27.4,63.2,135.5,41.9,48.6,4195.39
cotton,5.93,546.5,23.2,40.9,93.2,57.9,58.5,1864.4
maize,6.67,580.3,18.9,53.6,118.6,46.6,69.0,4846.41
rice,6.94,1388.8,28.6,98.0,80.7,56.0,29.6,3244.68
sugarcane,5.47,1776.1,28.1,56.7,117.0,65.7,34.7,51816.38
rice,7.31,679.0,29.8,88.0,63.2,54.9,50.3,3464.5
sugarcane,6.29,2012.8,38.1,53.5,85.1,46.3,82.9,55592.05
rice,5.11,1240.9,29.4,82.9,137.8,59.6,35.5,3142.34
maize,6.66,845.8,27.5,90.2,78.9,47.1,29.3,3641.67
rice,5.92,1248.7,32.6,75.1,155.8,34.8,18.4,3331.69
cotton,6.03,810.8,32.7,48.7,20.0,64.1,30.4,1316.53
maize,7.15,709.2,26.1,50.0,95.1,46.6,82.1,4918.01
maize,7.3,655.8,27.4,60.4,73.0,44.3,36.5,4049.94
cotton,6.47,818.0,33.3,98.0,130.3,50.9,58.9,2139.42
sugarcane,5.72,1167.4,32.1,78.2,71.2,29.9,57.7,44387.95
rice,6.28,1174.5,29.9,61.6,140.0,42.0,39.3,4194.34
maize,7.45,978.2,30.0,62.0,124.1,44.6,36.9,4193.06
rice,7.44,969.7,27.6,75.3,92.2,59.0,82.5,4601.0
wheat,6.18,404.5,25.8,60.8,103.0,50.4,60.6,3199.21
maize,5.51,535.8,23.7,49.5,101.7,26.8,53.0,3581.4
wheat,6.44,600.6,18.3,78.5,116.9,50.7,72.8,3625.14
cotton,6.06,972.8,26.3,64.1,105.8,41.1,56.7,1733.91
cotton,7.16,453.7,23.3,53.1,143.3,75.8,52.9,2364.15
wheat,6.21,346.9,23.4,58.4,175.1,60.5,38.8,3491.84
cotton,6.79,769.9,30.9,98.0,46.6,32.6,84.5,1633.06
wheat,5.91,493.8,25.7,64.2,159.1,65.0,47.7,3497.64
cotton,8.12,655.4,28.6,75.7,111.5,75.5,42.5,1836.74
wheat,7.16,574.7,19.3,45.7,60.5,10.0,43.7,2408.21
sugarcane,8.34,1253.2,35.6,69.7,93.0,59.0,15.0,31875.47
rice,6.86,1204.9,26.3,65.3,79.0,49.8,57.1,3143.77
wheat,6.56,479.2,25.9,58.1,122.0,58.8,71.8,3446.16
wheat,6.26,567.6,26.4,80.6,100.6,29.0,15.0,2067.96
maize,7.39,1079.9,25.2,80.0,149.7,30.4,90.6,4647.5
rice,7.42,816.5,29.7,78.6,123.4,56.5,56.2,3969.89
rice,6.58,1198.0,28.6,41.7,90.8,46.7,58.2,3659.1
wheat,7.2,704.5,21.9,79.8,174.4,31.6,36.1,2976.78
rice,5.61,1366.2,25.7,37.8,162.4,53.2,53.4,3991.88
rice,6.42,946.4,25.6,62.0,111.7,42.1,26.7,3591.86
maize,5.42,629.1,29.9,90.6,66.8,34.3,54.5,2976.65
cotton,5.82,693.7,27.5,65.8,104.8,58.3,22.9,1651.61
sugarcane,5.34,1350.6,30.6,71.2,118.4,61.3,24.2,43113.33
cotton,6.59,735.6,22.3,69.7,133.0,36.2,76.2,2127.53
sugarcane,5.72,1207.8,31.2,74.9,143.6,12.2,51.6,45407.04
rice,4.83,1178.5,32.9,95.4,67.0,53.9,45.7,1872.87
wheat,6.97,582.6,21.0,53.7,50.9,65.6,44.1,2873.74
maize,6.13,761.4,24.6,95.6,110.7,56.8,59.3,4952.15
rice,8.88,938.9,22.6,95.1,136.0,48.4,82.3,2362.96
sugarcane,6.56,1530.0,33.1,77.0,129.4,46.6,51.1,65672.14
cotton,5.88,568.8,23.0,56.1,135.3,29.5,99.8,2051.66
sugarcane,7.4,1301.2,27.4,58.4,91.3,60.4,65.3,65503.28
sugarcane,6.93,1586.1,32.4,77.4,102.2,29.3,35.8,54638.81
cotton,6.13,659.8,24.4,63.7,43.7,48.8,55.0,1467.81
rice,6.5,845.5,30.6,57.4,71.4,56.5,49.4,3782.28
maize,6.64,698.7,26.7,84.8,95.8,20.1,41.0,3879.01
rice,7.86,1559.7,29.7,61.1,138.2,27.5,64.5,3622.06
cotton,6.87,608.7,27.9,43.2,85.7,37.6,44.5,1823.29
cotton,5.99,650.1,30.5,59.4,134.3,73.7,58.8,2596.57
wheat,6.94,529.1,19.3,70.1,147.4,48.4,72.2,4228.43
maize,7.2,729.4,27.6,66.6,119.3,34.5,15.0,3747.73
maize,6.92,885.5,24.3,59.5,104.1,48.6,41.8,4388.01
cotton,5.86,828.2,28.9,64.0,94.7,47.5,63.2,1883.79
cotton,6.55,835.6,29.3,56.3,100.0,50.9,15.0,1880.51
rice,7.04,965.3,32.6,66.9,133.5,25.7,23.9,3333.26
cotton,5.99,837.6,22.6,91.0,78.5,56.5,48.4,1765.48
maize,7.3,827.6,26.9,88.7,120.4,33.6,60.8,4593.98
rice,6.45,590.3,31.7,34.3,107.3,45.3,65.8,3690.64
cotton,7.59,602.9,20.4,63.4,94.5,39.0,59.6,1758.02
rice,7.07,1398.0,27.8,60.0,113.6,72.9,30.2,3716.79
maize,7.01,1048.7,27.4,78.8,154.2,48.2,24.0,4876.72
sugarcane,5.48,1218.0,30.6,45.0,103.8,74.9,55.4,58930.14
cotton,6.13,768.2,31.5,88.3,70.2,28.1,55.4,1560.15
cotton,7.71,537.9,24.4,50.4,101.8,53.4,74.7,1985.81
wheat,7.38,683.7,20.0,78.8,50.9,32.1,41.0,2416.23
rice,6.23,1306.2,31.9,59.4,186.6,10.9,43.7,3478.5
sugarcane,7.27,1437.5,27.6,73.6,110.4,48.3,87.3,62993.38
wheat,6.63,589.8,18.3,45.4,84.9,47.8,58.3,3162.07
cotton,6.97,786.3,34.1,54.1,128.4,42.8,53.2,2076.74
rice,7.86,1202.3,31.5,49.9,76.5,53.5,84.7,3635.47
cotton,7.03,651.0,30.8,50.2,85.7,25.5,64.4,1820.21
maize,6.01,627.3,29.5,65.0,109.7,56.1,15.0,4377.86
maize,7.59,659.9,18.5,82.1,86.0,59.2,15.6,3534.86
cotton,6.04,784.5,23.1,77.9,168.9,35.5,16.3,1969.22
cotton,6.04,814.1,31.5,63.9,159.4,37.7,47.8,1557.37
cotton,6.14,569.0,31.4,45.2,113.2,39.3,26.9,1562.94
maize,4.78,779.8,27.7,73.7,153.3,25.7,68.6,3092.99
maize,4.55,937.2,25.3,77.3,168.4,88.8,42.0,3452.5
sugarcane,5.99,1630.8,35.0,65.7,148.7,28.7,33.3,58991.98
sugarcane,5.39,1260.3,35.8,54.3,93.7,53.3,70.7,48763.06
cotton,7.62,439.2,25.3,71.2,173.1,51.9,64.6,2275.16
wheat,7.14,382.6,11.0,63.9,115.1,53.8,58.4,2845.56
wheat,8.0,923.2,22.4,65.4,128.7,61.0,48.6,2884.09
wheat,6.31,663.1,18.5,61.6,77.0,53.2,61.2,3001.72
sugarcane,6.6,1637.2,26.6,62.6,134.3,60.3,49.1,69172.34
cotton,6.78,634.7,32.8,73.1,114.6,28.8,92.6,2056.31
wheat,7.87,554.8,19.0,71.8,118.5,70.0,35.1,3027.28
rice,7.01,1502.8,23.8,82.2,110.2,69.4,50.9,4075.52
maize,5.66,852.3,24.4,62.1,108.1,40.7,47.7,3527.57
wheat,7.31,527.7,14.3,76.4,86.4,40.8,79.8,2760.69
maize,6.49,667.8,26.6,75.0,149.1,71.1,47.8,5533.41
sugarcane,6.39,1302.1,29.0,44.6,63.5,46.4,85.3,56285.32
rice,5.66,1343.6,26.2,68.5,123.7,89.2,69.9,4753.82
rice,6.03,1358.9,24.8,72.8,171.8,33.7,37.3,3758.83
rice,7.43,1503.4,23.5,81.0,132.9,17.3,50.7,3186.34
cotton,7.33,843.7,27.0,67.4,56.4,54.3,66.4,1816.82
cotton,7.13,884.3,24.3,77.8,109.1,82.9,38.3,2230.01
cotton,6.82,706.6,20.8,61.9,168.7,36.1,55.3,2181.7
wheat,7.98,614.8,16.2,77.1,147.1,54.2,53.5,3066.73
sugarcane,5.92,924.3,32.8,49.1,49.8,67.9,70.4,52433.52
maize,5.32,741.8,24.1,86.6,51.3,46.7,47.1,3149.34
sugarcane,7.35,2111.9,27.9,48.7,120.6,58.0,50.4,66403.34
sugarcane,6.83,1700.4,31.0,85.8,69.6,47.0,47.1,59698.97
maize,5.7,814.1,19.3,90.8,93.4,44.4,41.4,3211.38
maize,7.82,597.3,23.2,61.1,129.0,26.3,57.7,3907.83
cotton,7.55,646.5,36.4,40.2,140.0,29.4,45.1,1736.15
sugarcane,5.8,1068.3,33.8,68.1,147.3,10.0,27.0,42288.81
sugarcane,7.25,1585.2,32.7,76.5,182.0,24.6,64.5,63244.82
sugarcane,6.06,1863.8,20.0,62.2,131.7,52.4,84.2,63022.09
wheat,5.91,336.1,22.3,72.9,121.0,29.1,35.5,2504.27
rice,5.61,1400.0,28.5,59.7,84.2,32.4,57.3,3043.62
sugarcane,7.65,1309.1,32.5,79.1,162.1,35.7,42.6,55670.43
sugarcane,6.83,1708.8,26.9,69.2,77.6,49.6,37.1,49581.22
rice,5.89,1258.1,31.6,83.5,128.8,69.0,63.4,4863.84
maize,8.02,893.8,21.6,79.7,153.6,47.4,62.2,4545.45
maize,6.33,649.0,30.2,98.0,97.3,66.9,48.5,4774.97
wheat,6.41,662.9,22.0,68.6,116.7,34.9,51.1,2916.38
sugarcane,6.07,1423.8,33.8,88.9,79.0,71.2,45.9,57446.15
maize,6.47,847.7,27.3,72.3,160.6,20.0,57.1,4622.95
wheat,7.58,599.8,23.0,76.7,70.0,46.0,76.5,3164.87
sugarcane,7.7,1141.7,26.4,45.5,92.9,32.6,29.8,46991.52
rice,6.73,1485.3,25.4,73.6,173.3,41.1,38.0,4045.48
maize,6.87,565.7,29.8,80.0,182.7,70.6,51.7,5759.12
rice,6.54,1385.8,34.7,98.0,156.2,58.1,58.2,4257.13
cotton,5.36,638.9,32.7,75.0,104.5,68.5,69.8,1958.44
wheat,6.28,542.0,18.7,74.9,91.2,46.2,30.3,2986.01
maize,7.81,765.6,33.6,57.9,118.2,38.1,66.8,4198.56
maize,7.13,841.9,21.9,64.6,108.6,42.6,61.7,5071.37
cotton,5.76,776.9,34.0,76.8,147.5,81.4,74.3,2470.82
rice,6.13,1207.7,33.7,79.2,80.6,52.4,88.0,4383.92
maize,6.46,834.1,20.1,70.0,149.1,54.9,68.8,6321.09
maize,7.26,696.8,23.9,70.1,116.2,46.0,56.9,4576.48
wheat,7.46,752.2,22.3,55.7,179.5,35.4,48.3,3357.11
cotton,6.47,502.5,36.6,61.5,118.5,57.9,78.7,2285.92
rice,6.71,1441.3,22.9,83.6,81.7,42.3,73.6,3673.76
maize,6.9,698.8,25.3,71.0,78.7,62.9,60.8,5011.4
sugarcane,6.47,1314.3,32.4,72.3,86.7,41.8,41.8,51021.1
cotton,6.52,572.1,29.5,68.3,129.0,23.1,46.0,1995.19
cotton,6.28,705.4,30.7,60.2,95.5,28.3,54.4,1626.71
maize,7.55,792.3,26.9,53.1,69.2,45.3,26.5,3614.21
wheat,6.82,545.5,26.2,57.5,79.8,20.1,44.2,2092.17
rice,7.39,1420.4,27.6,79.3,152.8,47.5,31.3,3866.35
rice,8.07,1151.7,35.4,76.2,81.9,51.0,48.9,2750.81
cotton,6.9,312.2,28.2,86.8,113.3,76.1,49.7,2341.54
cotton,5.13,800.9,24.0,73.6,64.8,50.2,36.8,1059.1
sugarcane,7.19,1395.0,36.5,94.2,38.5,61.8,41.1,48373.96
rice,6.1,1192.4,33.1,70.7,91.4,53.7,33.0,3460.2
sugarcane,6.35,1600.9,32.2,73.3,157.4,57.4,52.2,70591.13
sugarcane,6.58,1195.3,27.3,58.7,120.2,41.6,15.0,43197.06
wheat,7.21,732.3,20.3,90.6,122.6,48.0,84.2,3568.61
rice,6.18,972.5,37.4,71.1,110.7,61.0,42.0,3561.69
cotton,7.11,616.5,30.9,78.6,87.3,24.8,85.6,1818.52
wheat,5.54,640.1,18.3,52.2,94.2,67.6,44.3,2878.55
wheat,6.8,378.7,20.8,71.0,103.0,56.4,77.4,3543.19
maize,7.67,770.7,23.2,51.1,127.7,48.5,68.9,4406.11
maize,6.17,612.5,31.5,91.2,33.2,46.7,50.0,3314.43
sugarcane,7.21,1862.3,28.6,64.8,52.6,37.9,74.9,48230.75
cotton,6.27,518.3,23.1,72.2,108.1,53.7,22.0,1718.85
rice,6.79,1431.3,26.2,60.2,87.3,38.8,77.1,3824.17
cotton,5.4,462.5,26.8,76.3,71.3,61.6,45.0,1422.37
rice,7.31,1322.8,27.5,73.8,73.9,44.3,61.4,3548.42
cotton,7.14,872.1,19.9,87.2,95.6,42.6,36.8,1591.47
maize,7.94,871.5,25.1,80.0,126.3,54.1,58.5,4279.74
sugarcane,7.66,1618.6,31.3,65.0,76.7,46.4,60.2,48566.78
sugarcane,6.28,1022.8,28.2,78.6,110.8,36.6,33.5,51588.3
rice,7.36,1132.2,28.7,86.6,64.9,19.9,43.3,2887.89
rice,6.8,1177.3,31.4,64.7,64.9,49.8,59.6,3293.2
sugarcane,6.05,823.8,32.6,65.4,121.8,80.2,54.5,63821.82
cotton,7.14,506.2,21.1,83.3,84.8,31.3,86.0,1757.17
cotton,7.32,868.4,31.3,52.7,87.7,11.6,86.9,1547.7
rice,5.37,1325.0,26.5,54.8,94.0,46.0,57.0,2645.81
rice,5.54,1330.4,35.1,68.3,117.9,57.5,29.6,3418.69
rice,6.45,1227.8,27.3,86.9,143.2,42.6,60.1,4372.46
rice,6.56,1554.7,22.2,70.0,46.4,58.7,53.1,3162.64
wheat,6.92,506.1,19.0,86.0,99.1,27.6,38.3,3104.22
rice,6.65,1165.9,33.5,83.2,125.5,24.3,40.7,3099.54
wheat,6.37,509.4,26.0,61.3,80.6,41.0,32.3,2490.14
maize,7.05,673.4,25.5,71.8,78.3,27.6,51.8,3830.73
maize,6.65,688.3,25.6,67.5,49.4,71.9,55.8,4640.73
maize,8.3,945.0,23.8,73.4,61.0,46.1,51.3,2600.7
maize,6.19,848.3,28.5,60.3,40.5,34.0,68.5,3275.68
sugarcane,6.85,1595.5,30.5,92.7,127.6,78.2,42.0,70227.85
sugarcane,6.18,1577.7,29.2,58.3,69.6,13.5,47.2,41407.6
cotton,5.36,809.8,25.2,78.4,65.8,25.3,72.2,1299.08
wheat,6.7,414.6,21.9,97.1,118.6,10.0,79.8,2792.24
sugarcane,6.31,1649.5,40.1,59.4,56.3,11.2,69.3,32751.18
sugarcane,5.43,1301.1,33.2,98.0,103.1,15.1,26.9,34756.89
cotton,7.06,769.3,29.3,98.0,105.2,39.9,68.7,2104.07
wheat,7.56,633.4,21.1,54.2,80.4,67.5,70.6,3363.88
wheat,6.38,547.3,19.3,63.5,112.7,40.1,83.9,3088.13
maize,7.42,826.4,31.0,62.1,69.1,50.8,53.9,3800.52
sugarcane,5.43,1746.4,30.3,78.8,125.4,31.8,59.6,43179.56
sugarcane,6.68,1492.7,35.7,84.2,106.0,49.5,68.1,59600.73
maize,6.43,756.9,22.4,84.4,133.3,79.9,37.4,5152.56
cotton,6.55,791.5,18.9,67.8,120.1,59.1,34.8,1752.77
maize,5.69,636.3,26.1,63.8,131.3,94.8,57.0,4960.07
rice,5.51,1625.9,27.8,65.0,88.0,39.8,83.4,2666.26
rice,5.23,1151.3,22.0,64.4,150.1,44.4,88.2,3572.46
wheat,5.96,589.2,26.9,77.8,146.3,59.8,55.0,3740.19
maize,5.77,817.4,34.3,53.8,97.3,52.5,53.9,3565.21
maize,7.24,636.9,30.1,74.5,109.2,52.9,62.6,4795.96
rice,7.98,1245.1,26.1,52.9,139.3,49.3,61.9,4122.0
maize,7.31,862.4,27.8,65.6,170.5,49.0,44.7,5773.3
cotton,5.92,908.0,26.7,90.3,133.8,42.5,44.6,1862.94
cotton,5.32,812.1,27.4,86.8,110.0,32.0,61.2,1512.16
rice,7.66,1620.4,21.1,54.9,30.4,23.5,42.0,1977.47
wheat,6.55,406.6,25.8,93.3,51.1,26.6,49.4,1974.62
rice,6.68,1145.5,25.5,77.7,105.8,37.7,37.9,3181.82
cotton,6.69,569.2,27.1,79.3,83.0,37.1,50.6,1654.85
cotton,6.94,1010.6,26.5,40.3,59.8,45.2,75.6,1677.08
cotton,6.94,759.8,28.9,66.6,125.3,10.0,68.6,1879.18
wheat,6.97,703.8,23.4,63.0,42.4,60.7,49.1,2612.43
cotton,6.69,597.5,26.9,79.3,99.7,18.9,61.5,1926.29
wheat,6.06,550.8,10.3,46.9,106.1,47.2,50.3,2706.04
wheat,5.7,585.1,20.6,59.4,114.9,73.6,68.9,3345.83
sugarcane,6.0,1677.8,24.3,87.9,98.0,55.4,52.7,49360.93
maize,7.79,1034.6,26.6,82.3,116.1,20.9,46.8,3458.55
maize,5.79,1088.4,28.9,66.9,137.5,65.1,77.1,5627.57
wheat,6.37,428.5,16.8,69.4,71.0,76.9,15.0,2534.58
cotton,6.35,688.2,28.2,74.9,65.0,44.3,57.8,1747.95
rice,6.96,1733.8,31.9,67.3,103.6,38.6,78.6,3722.45
maize,7.44,582.6,35.2,65.5,133.7,71.0,42.9,4915.63
cotton,7.44,719.6,29.5,71.9,115.6,38.4,50.0,1768.31
sugarcane,7.4,2001.7,31.7,60.3,49.4,78.9,50.1,48137.3
maize,6.46,1060.2,18.7,53.3,162.4,78.4,52.9,5017.09
maize,5.62,800.8,30.8,59.3,53.3,52.8,67.3,3918.37
sugarcane,7.08,1860.6,26.6,67.5,91.4,16.8,61.9,54878.22
wheat,6.03,341.7,19.2,72.5,100.5,34.0,41.6,2594.94
maize,7.2,1068.1,28.3,32.8,108.7,45.9,73.7,4816.11
rice,7.42,1371.1,23.6,79.7,81.0,23.9,47.3,2666.24
rice,6.97,791.3,23.6,94.1,84.6,48.6,25.2,2964.93
cotton,5.49,887.2,26.1,79.0,74.0,28.6,68.2,1195.85
sugarcane,8.21,1035.8,36.0,84.1,75.9,63.1,61.7,43265.49
sugarcane,5.33,1153.6,39.0,69.9,116.2,56.5,24.2,36522.62
sugarcane,7.13,1745.2,30.6,73.8,123.4,30.2,65.6,69505.32
rice,6.03,1596.1,27.7,61.7,146.2,19.4,71.4,3794.76
wheat,7.54,466.9,14.0,51.8,109.2,31.9,49.2,2486.22
cotton,6.35,1030.5,31.5,69.2,120.9,52.3,63.7,2021.93
rice,6.7,1341.0,29.0,38.8,115.6,84.8,47.8,4444.17
maize,6.02,733.6,21.6,78.6,143.2,32.3,39.8,4220.71
cotton,7.63,866.4,31.6,62.0,128.9,62.6,30.5,2134.66
sugarcane,8.34,1524.1,36.1,65.9,128.7,60.1,79.4,57709.81
wheat,6.05,499.1,13.8,80.6,92.0,41.2,73.2,2823.27
maize,7.27,801.3,25.6,69.8,65.0,46.9,52.2,3694.62
sugarcane,6.13,1413.8,28.6,34.2,147.7,42.4,15.0,63063.74
sugarcane,6.16,1613.2,33.0,83.0,68.0,10.0,72.2,41306.66
sugarcane,7.45,1672.9,34.4,61.4,149.0,10.0,77.6,56161.55
rice,6.94,1419.9,29.5,64.0,105.8,58.3,55.7,4047.35
rice,6.69,1194.2,25.6,78.9,119.9,48.0,49.8,3950.24
rice,7.48,1137.9,26.6,40.4,113.6,81.8,60.5,4430.35
rice,6.77,843.6,30.0,60.1,60.3,35.7,44.5,3171.31
maize,6.05,636.0,18.9,74.6,45.9,22.9,15.0,2315.51
rice,6.28,1491.3,32.9,51.2,75.6,62.8,53.2,3325.37
sugarcane,6.46,1511.7,37.3,69.0,87.6,29.0,38.0,40487.67
cotton,6.36,901.2,35.4,78.6,101.8,20.5,64.6,1686.51
wheat,5.9,600.4,16.6,69.4,65.7,12.7,47.3,1949.61
sugarcane,6.62,1977.3,31.1,86.1,94.9,87.0,86.4,74233.29
maize,6.33,700.4,27.1,80.1,66.3,25.1,27.0,3439.29
rice,7.47,1344.9,25.6,63.7,88.5,32.2,74.6,3105.2
wheat,7.72,569.4,16.4,76.6,32.9,10.0,61.7,1445.91
sugarcane,7.51,1140.0,29.5,65.9,61.1,55.6,40.5,47976.42
wheat,6.6,524.1,18.5,57.8,121.2,74.8,57.8,4300.18
sugarcane,6.86,1620.0,34.2,45.4,117.3,42.1,108.6,69521.02
maize,6.5,698.1,20.0,67.9,178.4,42.7,69.6,5115.22
sugarcane,5.33,1585.3,23.8,58.7,140.3,56.8,64.1,58963.53
cotton,6.9,733.1,25.5,66.2,168.4,28.0,87.3,2435.94
cotton,6.33,1009.2,22.9,77.2,118.0,28.4,45.6,1593.76
cotton,5.98,317.6,28.3,81.3,74.5,60.3,34.3,1567.32
cotton,6.16,666.0,27.9,66.6,72.6,16.5,63.3,1486.23
cotton,7.07,893.9,32.0,78.7,112.1,52.0,80.0,2053.77
sugarcane,7.31,1296.1,24.4,89.1,150.8,43.4,72.1,66382.03
maize,6.44,648.6,21.4,80.9,128.9,58.2,48.3,5161.48
maize,6.19,658.3,25.6,64.6,149.1,48.4,40.4,5802.82
rice,6.63,1442.2,26.9,73.1,120.9,11.0,95.3,3994.54
sugarcane,7.32,1733.3,31.7,80.4,80.8,55.5,51.9,49434.9
wheat,6.43,850.2,11.8,73.0,60.6,46.6,44.6,2217.03
sugarcane,6.7,771.5,32.7,76.6,97.7,50.3,24.7,47503.32
rice,5.15,1169.9,34.8,73.0,79.8,44.4,55.4,2430.27
sugarcane,6.36,955.6,37.0,66.2,100.2,74.2,69.4,63096.18
rice,6.68,1081.5,33.1,65.0,91.8,16.5,53.8,2879.82
rice,7.5,927.4,33.2,46.3,99.9,52.4,58.7,3908.74
wheat,7.72,646.3,23.4,48.2,69.7,10.0,38.8,1932.63
wheat,6.48,446.7,15.1,70.4,103.6,37.1,56.7,2613.56
rice,5.94,1258.7,33.8,45.1,118.2,35.3,57.5,3652.74
cotton,6.28,737.6,21.8,70.3,75.9,61.8,72.5,1941.67
cotton,5.77,827.6,30.6,58.1,56.2,42.4,46.1,1416.89
sugarcane,5.47,1358.8,35.7,65.3,123.9,52.9,24.8,43299.97
wheat,6.66,446.9,19.2,78.6,103.7,47.9,58.3,3484.19
maize,6.52,783.2,30.9,53.6,130.8,34.4,52.4,4551.55
maize,6.08,653.4,25.5,62.8,59.5,35.6,83.9,4432.48
sugarcane,6.13,1143.6,28.6,87.9,72.1,83.1,38.2,57340.48
cotton,6.07,544.2,34.6,51.7,117.8,64.0,77.1,2190.43
cotton,6.09,911.9,26.9,68.0,147.5,67.9,52.8,2397.39
maize,7.41,757.1,17.3,60.8,172.5,50.3,68.9,5379.33
cotton,7.73,658.4,31.6,73.8,131.9,51.8,44.0,1873.52
cotton,5.3,695.7,33.2,66.6,76.7,34.1,47.1,1137.16
cotton,7.4,618.1,27.9,65.1,96.5,42.3,22.4,1616.02
maize,6.79,673.6,22.6,59.8,93.2,51.5,102.0,4890.06
maize,6.49,890.5,19.2,98.0,141.3,40.4,48.9,4811.15
sugarcane,7.28,1483.0,30.2,44.1,121.4,42.7,66.1,70735.82
sugarcane,6.68,1274.6,33.0,30.0,80.0,24.7,49.9,46622.52
maize,6.04,560.3,28.1,85.2,116.3,52.8,94.1,5743.11
maize,6.38,753.7,24.6,45.0,148.2,61.3,94.8,7690.96
cotton,6.24,638.2,25.6,64.3,80.5,52.0,61.2,1998.8
wheat,6.72,298.0,17.6,83.4,78.5,55.7,38.7,2861.24
maize,4.57,838.7,26.3,74.6,147.0,48.6,87.6,3628.5
cotton,6.54,555.7,32.5,64.0,136.6,39.7,53.8,2160.94
cotton,6.36,630.9,25.4,63.1,97.5,40.6,49.5,1893.84
wheat,6.66,741.4,20.5,89.2,152.1,55.7,47.9,4126.53
rice,6.7,1085.6,26.1,77.6,105.1,66.7,46.2,4132.48
rice,5.54,1227.7,30.9,63.1,119.0,36.2,73.2,3308.21
rice,6.6,1189.3,28.2,82.3,46.3,35.7,37.3,3070.29
cotton,6.0,660.1,23.1,75.0,132.6,22.1,42.6,1583.57
maize,6.07,905.4,23.6,80.6,169.5,37.8,68.6,4985.77
cotton,4.92,931.9,22.1,40.5,114.6,14.2,38.9,897.72
rice,6.83,1819.6,22.1,66.8,110.6,20.8,31.9,2503.3
wheat,5.34,607.8,15.1,65.7,142.4,18.0,67.1,2306.16
cotton,6.82,564.6,29.2,84.7,89.1,82.8,44.5,2142.23
sugarcane,6.6,1762.5,26.8,55.4,100.2,41.4,47.9,65036.84
rice,4.94,1760.5,30.0,57.1,115.5,48.2,41.7,2321.0
rice,5.7,1389.7,32.2,66.2,99.4,27.3,64.3,2408.95
maize,5.97,892.0,20.4,85.1,121.2,42.0,70.3,4695.93
rice,7.53,1580.3,30.2,55.8,91.0,43.7,76.6,3632.78
cotton,7.44,728.1,27.5,84.0,85.7,17.5,51.0,1580.25
wheat,7.0,637.4,15.7,83.4,104.2,36.5,40.8,2819.91
sugarcane,6.9,1249.3,35.4,67.7,110.3,76.1,33.5,63431.22
wheat,6.36,610.0,14.6,71.1,129.3,57.2,16.3,2781.4
wheat,6.74,511.7,14.9,72.7,92.8,36.3,57.5,2732.95
sugarcane,7.49,1530.8,26.4,49.3,55.7,56.9,78.8,61784.99
sugarcane,5.86,1626.4,27.5,63.2,123.4,30.5,32.1,49265.56
sugarcane,6.83,1809.5,36.2,75.6,139.6,54.3,45.8,68961.21
wheat,6.57,509.4,22.5,59.1,85.5,57.3,45.0,3129.29
sugarcane,6.28,1345.4,31.0,90.7,66.7,57.2,64.4,56663.17
maize,6.58,941.4,19.3,63.9,102.4,49.9,28.5,4018.95
cotton,7.06,670.3,22.7,82.8,89.4,28.2,51.4,1520.11
wheat,6.47,438.8,26.7,63.2,115.6,66.9,51.9,3379.14
rice,7.54,934.7,35.9,73.8,146.2,71.4,74.5,4653.88
maize,6.95,618.2,29.0,59.1,117.6,39.5,50.6,4796.79
cotton,5.54,671.9,28.6,57.1,106.0,28.6,67.7,1508.33
cotton,6.51,646.7,29.0,78.1,76.4,60.7,84.0,2069.22
wheat,6.48,572.7,20.4,60.1,104.6,31.5,32.8,2903.82
cotton,7.03,860.4,28.3,66.1,58.1,47.0,42.0,1715.39
sugarcane,6.42,1264.4,31.1,69.5,68.5,39.6,48.2,50913.57
wheat,7.48,655.2,17.3,78.7,104.1,10.2,58.2,2282.46
maize,7.51,642.8,21.7,68.0,50.7,57.5,57.0,3644.43
sugarcane,5.81,1000.3,27.1,79.7,99.4,46.5,28.2,48235.19
rice,5.88,1128.5,32.1,72.0,142.9,67.4,61.6,4710.03
rice,7.31,595.2,31.2,57.3,88.0,52.9,47.7,3422.8
rice,6.26,983.8,26.4,66.6,174.3,71.5,41.9,4988.81
rice,6.97,944.9,21.9,30.0,138.5,47.3,50.5,4331.27
rice,6.44,1909.5,28.4,48.8,119.9,41.9,62.3,3814.29
cotton,7.09,981.7,26.6,54.8,118.6,30.6,84.6,2003.63
maize,6.57,653.2,24.7,66.9,96.6,62.3,83.3,6032.65
rice,5.72,1432.9,32.3,78.2,146.1,73.2,31.5,3728.15
maize,6.71,751.5,27.8,73.4,95.8,47.2,39.0,4262.2
maize,7.27,829.0,25.2,65.2,127.9,67.9,57.5,5599.63
rice,6.78,1452.4,28.7,69.0,90.7,45.4,59.8,3769.69
maize,6.94,832.1,28.3,60.2,93.8,58.8,57.5,4529.54
wheat,6.12,366.1,20.1,73.0,50.4,45.3,57.4,2445.04
rice,6.62,1174.1,28.7,30.0,117.4,36.2,86.9,4477.7
wheat,6.88,434.6,20.5,66.3,72.1,51.4,55.4,3160.04
sugarcane,5.5,1609.8,33.5,70.4,133.4,30.0,56.3,53941.63
cotton,5.99,693.7,33.0,64.4,101.7,37.7,44.3,1691.36
sugarcane,6.19,1530.7,27.3,51.8,134.8,56.1,28.8,52847.96
sugarcane,6.46,1161.8,33.0,56.2,95.9,49.8,82.2,67587.85
wheat,5.05,501.2,21.8,37.4,156.8,51.8,76.7,2760.71
wheat,6.36,690.0,19.6,38.7,57.3,52.5,53.7,3089.2
cotton,6.87,686.4,26.5,71.3,89.5,53.9,26.3,1786.01
maize,8.1,1025.0,23.0,39.4,106.5,51.8,37.8,3170.25
maize,6.08,847.8,31.7,62.1,136.5,10.5,68.2,3681.38
sugarcane,6.35,1566.2,29.6,80.1,77.1,65.8,54.4,56577.4
rice,6.56,1310.3,29.3,79.2,142.3,26.1,72.4,3990.6
maize,6.45,725.1,30.4,62.7,120.0,63.2,43.5,5128.69
maize,7.55,651.9,22.8,69.1,134.0,42.5,78.3,5287.32
maize,6.87,746.6,23.8,72.8,97.8,49.0,53.5,4566.16
wheat,6.68,624.0,17.5,68.8,86.3,52.5,49.5,3140.33
cotton,5.61,646.6,36.7,80.0,96.7,11.4,38.4,1013.33
rice,6.73,1496.1,33.3,55.1,93.7,100.0,50.0,3809.11
wheat,6.44,505.0,20.2,81.6,140.3,31.2,54.4,3593.58
rice,7.06,1511.4,30.2,77.5,99.5,35.8,108.9,4280.39
rice,6.87,1138.8,25.8,76.4,81.6,40.1,37.1,3260.25
cotton,6.46,597.0,11.3,92.6,110.0,41.8,61.5,1607.17
maize,7.55,943.9,32.7,72.3,130.6,70.5,63.9,4951.58
cotton,6.68,558.4,26.5,76.3,83.6,38.9,46.4,1759.37
cotton,7.28,746.0,26.3,64.1,103.6,48.4,62.8,2105.43
maize,7.11,706.9,26.7,74.2,90.0,80.8,66.6,5917.09
wheat,6.33,602.1,21.0,85.5,137.6,62.5,61.5,3710.44
sugarcane,6.66,1185.2,30.0,60.6,72.3,63.6,79.2,72947.44
rice,7.32,1077.8,26.5,30.0,90.6,68.6,15.0,3145.24
rice,7.56,1279.0,30.4,36.9,68.1,61.0,60.7,3583.26
sugarcane,5.31,1621.9,32.0,60.1,77.5,69.8,52.3,45713.09
rice,5.74,1530.8,31.7,73.4,59.0,32.2,37.8,2403.38
wheat,6.48,386.8,16.1,56.4,157.1,68.3,48.8,4341.6
sugarcane,6.64,1529.8,28.8,68.3,137.6,47.3,55.9,72289.85
wheat,6.43,613.1,21.9,62.4,113.2,61.1,27.7,3375.75
cotton,5.88,618.4,33.8,68.2,66.7,67.6,69.6,1925.05
rice,6.76,1475.4,27.4,68.4,101.0,16.0,73.3,3960.28
sugarcane,7.12,1304.1,38.5,55.0,138.4,69.8,51.5,64376.88
maize,6.14,464.1,27.7,79.6,102.2,50.1,48.5,4508.1
sugarcane,7.33,1214.0,28.5,59.5,101.0,41.2,69.0,58510.66
wheat,7.18,628.3,22.2,63.4,96.2,29.3,37.2,2605.17
sugarcane,7.03,1014.5,31.8,69.4,111.4,63.7,61.7,78433.51
sugarcane,6.93,1414.3,32.5,77.6,75.5,60.3,33.0,57547.84
sugarcane,6.94,1461.5,28.1,67.6,152.2,48.3,67.5,74658.12
wheat,5.95,641.4,22.8,72.9,109.3,56.9,70.8,3550.97
maize,7.09,928.6,27.9,82.9,111.1,59.5,56.5,4763.3
sugarcane,7.16,1841.0,26.4,43.8,108.0,13.4,48.7,46213.7
wheat,5.49,648.0,14.5,61.9,101.0,43.7,68.8,2453.17
wheat,6.66,518.2,21.9,43.7,78.7,21.5,82.0,2993.57
wheat,6.29,483.0,22.5,59.3,95.1,64.0,58.8,3743.46
maize,6.51,718.3,29.0,72.6,189.7,29.7,65.4,5193.56
sugarcane,6.77,863.8,26.4,78.7,140.0,60.0,51.4,58202.98
wheat,5.98,718.5,16.0,60.2,69.8,49.6,82.4,2680.43
sugarcane,5.7,1802.9,32.3,90.7,66.0,41.7,59.2,46343.69
cotton,7.07,652.9,37.5,68.6,20.0,46.5,80.2,1340.39
sugarcane,6.99,1284.4,23.6,62.0,146.0,38.9,38.1,61015.93
cotton,6.78,658.2,32.5,98.0,50.2,67.1,57.1,2028.82
rice,7.13,1107.2,29.6,71.4,89.2,47.6,62.1,4481.26
wheat,6.24,406.1,27.1,68.2,102.1,28.3,113.7,2620.97
cotton,6.46,599.9,26.2,90.5,117.1,68.6,53.5,2289.39
sugarcane,6.53,1214.1,34.0,77.2,144.0,44.8,43.0,57582.54
cotton,6.01,764.7,27.3,81.2,100.2,20.5,25.3,1240.05
cotton,5.53,609.5,24.3,62.4,131.4,13.9,15.5,1147.34
cotton,6.15,817.5,33.8,61.5,140.8,21.1,60.3,1958.13
sugarcane,6.85,998.9,39.5,73.3,128.0,38.2,77.3,56536.06
rice,5.48,1054.0,25.4,77.0,130.0,55.1,22.4,2920.23
rice,7.18,1556.1,32.9,60.7,130.9,14.0,41.3,3364.27
wheat,7.36,515.1,17.4,79.6,82.4,31.7,54.5,2230.96
rice,6.8,1314.4,26.1,65.6,57.5,38.8,74.5,3237.54
sugarcane,6.82,1586.7,31.3,61.2,149.5,47.8,51.7,73342.25
maize,6.46,831.0,26.9,51.2,147.9,48.8,59.0,5678.52
sugarcane,7.71,1331.9,31.2,53.8,67.6,50.8,40.5,47780.46
wheat,6.39,513.9,23.6,58.6,125.2,39.5,40.1,2966.54
cotton,7.47,739.0,31.6,44.2,102.3,25.6,98.3,1988.25
cotton,7.03,732.6,28.8,84.3,91.1,61.1,22.4,1752.95
wheat,6.34,510.6,20.7,55.7,59.5,69.7,84.2,3565.34
wheat,6.26,740.7,15.0,52.2,71.6,43.8,63.6,2790.76
cotton,6.91,682.7,25.6,75.5,133.1,25.7,68.7,2083.19
sugarcane,5.5,1169.8,30.3,76.1,79.8,40.7,30.7,43144.89
cotton,5.67,375.1,24.9,70.3,113.6,47.7,26.8,1575.8
maize,6.16,779.5,26.2,56.6,80.0,16.7,61.1,3309.81
cotton,6.25,455.2,24.1,85.2,67.7,27.7,28.3,1286.41
rice,7.21,1057.4,26.8,53.4,133.9,44.0,35.4,3713.66
rice,6.7,1782.9,33.4,66.8,106.3,74.4,57.7,4564.74
wheat,6.12,475.9,20.4,63.2,134.1,34.0,53.9,3513.72
sugarcane,6.75,1617.9,36.5,59.0,122.8,81.3,51.5,70814.06
cotton,8.0,839.6,27.5,61.2,156.8,63.1,26.8,2085.06
sugarcane,5.74,1461.8,30.7,59.0,113.2,34.2,82.5,57273.6
sugarcane,6.81,1519.8,29.7,69.7,163.0,51.9,47.5,73125.61
maize,6.82,719.9,25.7,55.4,120.5,59.8,22.0,4552.14
maize,5.19,764.9,25.1,82.4,131.4,50.2,49.6,4048.38
cotton,6.7,574.1,32.4,73.6,80.7,35.6,24.7,1352.6
wheat,6.67,797.3,16.5,86.5,98.9,10.0,44.9,2372.71
sugarcane,6.44,1410.3,31.5,78.2,132.3,49.7,78.9,69645.44
maize,5.84,992.5,31.8,54.0,54.6,24.1,32.1,2664.76
wheat,6.17,653.5,20.1,48.5,96.6,54.8,50.6,3080.27
cotton,7.13,561.0,31.6,62.0,82.3,74.0,58.5,2053.86
cotton,5.86,630.5,22.5,81.3,169.1,75.1,79.5,2689.74
rice,6.31,1410.9,29.6,98.0,118.0,35.7,67.8,4276.62
wheat,7.34,545.7,23.1,68.7,45.6,10.0,59.2,1937.63
wheat,5.93,272.2,28.0,54.8,40.5,34.0,27.1,1522.92
rice,6.27,969.3,35.9,52.8,110.2,30.5,60.9,3038.15
wheat,7.75,596.9,24.7,57.9,87.4,10.0,78.7,2496.26
rice,6.76,1375.4,27.8,55.6,150.6,50.8,26.1,4392.0
rice,6.85,1766.8,28.1,65.5,79.5,53.7,41.6,3675.39
wheat,6.79,504.1,26.0,67.4,82.5,47.8,29.1,2540.48
rice,6.38,805.2,25.7,74.7,170.1,43.2,61.6,4851.62
wheat,6.85,493.6,20.8,66.4,143.4,59.9,49.1,3584.13
wheat,7.33,393.6,16.8,54.7,121.4,67.3,15.0,2991.33
cotton,7.3,554.4,15.0,67.7,164.7,70.2,62.5,2237.03
rice,6.53,845.1,28.0,80.2,96.3,49.4,60.0,3924.96
rice,6.61,880.4,27.3,47.9,134.3,57.9,20.4,4248.36
wheat,6.83,526.4,21.2,61.7,135.0,55.7,48.5,3922.92
sugarcane,6.5,1592.4,31.2,52.3,89.8,31.7,20.7,42307.85
rice,6.88,1373.6,30.5,68.6,163.6,10.0,57.9,4110.82
wheat,6.53,623.5,19.9,65.0,112.0,34.1,48.1,2642.22
maize,5.99,826.0,32.5,79.6,206.7,17.0,44.9,3728.36
wheat,6.45,596.1,18.9,77.0,88.0,46.3,22.5,2603.06
wheat,6.29,404.2,11.2,64.8,114.8,44.1,52.1,2835.39
rice,6.33,1429.0,29.7,63.3,155.3,80.1,30.1,4871.23
wheat,5.36,594.0,18.5,70.8,109.4,27.4,54.1,2090.28
sugarcane,5.6,1702.3,36.9,52.5,105.7,41.1,51.6,52789.51
wheat,5.27,580.9,17.7,65.4,84.5,80.5,23.8,2638.29
sugarcane,7.0,1300.0,34.3,85.1,98.4,41.1,84.9,73655.11
maize,6.62,854.7,21.1,58.4,126.0,82.8,52.2,5660.17
wheat,5.38,561.4,13.5,32.9,120.4,47.5,49.3,2441.58
cotton,6.76,605.7,30.5,56.4,75.2,58.9,72.1,1948.73
maize,6.55,928.8,25.5,35.3,64.8,50.9,60.8,4542.11
cotton,6.14,440.7,23.3,55.5,95.1,26.2,71.4,1532.41
maize,5.73,710.2,26.1,71.8,71.0,66.5,43.1,3562.99
sugarcane,6.85,1101.5,37.5,73.7,100.8,49.0,73.6,55354.32
cotton,5.27,882.2,22.5,59.7,122.5,23.5,25.1,953.41
cotton,5.25,702.3,31.6,73.7,77.4,34.0,60.4,1194.98
sugarcane,6.97,1146.8,31.7,51.9,170.3,48.6,35.5,74438.93
sugarcane,7.5,1372.6,31.3,85.1,100.6,72.0,66.5,72443.22
wheat,7.15,397.8,20.4,53.8,52.2,37.0,74.6,2764.45
cotton,6.84,830.9,32.8,70.3,121.9,51.1,33.4,2071.87
sugarcane,4.85,1537.6,39.4,67.5,40.4,32.9,51.3,25200.0
sugarcane,7.77,1197.6,33.0,66.8,154.0,52.3,50.3,60229.35
sugarcane,6.23,1233.8,32.9,49.5,148.9,45.2,52.7,70674.41
cotton,6.71,531.2,27.5,76.5,144.8,15.9,60.1,1867.58
cotton,7.73,724.9,25.0,83.1,141.8,67.9,68.7,2595.98
rice,8.06,1426.9,27.8,65.2,99.8,37.7,79.8,3291.84
sugarcane,6.18,1776.5,24.3,47.1,114.8,45.5,40.7,55863.25
cotton,6.78,696.5,35.8,54.3,187.3,34.3,28.2,1880.55
sugarcane,6.89,1035.0,25.2,85.6,81.9,17.1,75.0,45570.47
wheat,7.08,291.6,21.8,59.1,167.9,56.2,59.8,4104.73
maize,6.67,594.5,22.7,92.7,115.8,76.4,65.0,5954.84
rice,6.27,1543.4,31.7,55.8,78.4,35.2,41.5,3229.09
rice,6.76,1307.4,30.5,72.2,124.7,67.6,67.8,5003.02
maize,6.68,693.9,23.5,71.8,80.1,68.1,34.2,4914.33
wheat,7.23,533.9,19.7,91.2,52.8,62.4,52.8,2878.47
sugarcane,6.71,1153.9,30.5,62.1,133.9,31.2,37.8,59622.18
wheat,7.2,346.6,23.3,79.4,143.4,66.9,99.0,4163.01
sugarcane,5.86,1127.3,30.6,68.5,136.6,54.2,84.2,71634.16
sugarcane,6.61,1542.6,31.2,78.4,74.2,28.6,84.3,65611.01
maize,6.73,709.1,22.7,83.4,140.4,36.0,66.5,4622.68
wheat,6.02,758.4,15.7,86.2,135.9,68.0,46.1,3369.63
cotton,6.35,677.9,26.8,59.1,50.6,36.3,42.5,1509.97
maize,6.04,814.9,24.0,70.2,67.5,38.7,58.3,3531.8
rice,7.09,1219.4,34.8,98.0,134.7,49.1,67.5,4048.78
cotton,6.96,578.3,26.4,41.8,68.9,51.4,37.6,1860.83
wheat,6.49,422.8,30.8,79.3,118.6,46.6,79.0,3683.46
sugarcane,7.67,1232.1,35.7,89.0,81.4,18.8,61.0,40488.89
sugarcane,6.3,1666.4,33.8,86.8,96.1,73.5,58.7,69651.05
cotton,6.59,775.7,30.7,64.9,112.2,38.3,25.4,1769.96
cotton,7.06,701.9,26.0,62.9,125.1,60.2,43.1,2138.74
sugarcane,7.11,1575.6,30.4,55.1,113.2,16.8,57.9,57065.18
rice,5.68,806.9,27.7,92.0,134.9,10.4,28.1,2476.19
sugarcane,6.49,1111.2,37.4,80.3,143.7,39.5,20.4,59605.65
maize,6.87,630.0,24.2,76.0,65.3,58.4,55.9,4802.06
sugarcane,5.34,1006.7,29.0,62.7,58.4,63.4,29.7,34400.52
rice,8.2,1716.9,24.9,90.1,96.0,47.3,53.7,2542.23
wheat,8.56,615.8,27.0,67.4,129.6,42.4,108.7,2071.31
wheat,7.6,552.0,18.1,30.0,126.3,59.2,21.0,2970.34
cotton,5.41,554.8,31.2,78.7,88.7,44.5,32.7,1242.6
cotton,7.33,677.0,32.6,34.8,137.7,24.9,90.3,1923.4
cotton,5.8,521.4,24.3,71.8,83.1,49.4,60.3,1657.59
sugarcane,5.91,1410.9,38.8,79.7,94.1,38.3,30.5,46562.96
maize,6.71,654.0,34.1,73.0,100.2,49.8,39.5,3920.57
cotton,7.05,701.5,27.1,66.3,72.8,13.2,64.3,1689.59
maize,5.87,854.8,31.8,63.6,101.5,71.4,65.1,4891.17
wheat,7.0,580.9,24.6,97.0,113.9,52.3,37.4,2881.08
rice,6.81,1112.3,26.8,72.0,114.4,59.0,81.0,4674.36
sugarcane,6.79,1271.2,31.6,62.2,98.5,65.0,15.0,59337.93
rice,6.16,1460.0,25.9,77.3,82.5,23.4,31.9,3092.97
maize,7.44,698.4,26.6,46.3,91.2,65.2,29.3,4558.54
sugarcane,6.09,1695.8,31.6,87.0,107.8,33.3,60.5,55386.07
sugarcane,6.5,1403.8,31.1,69.1,94.9,67.9,31.6,59461.16
wheat,7.2,500.8,19.3,53.8,132.1,42.3,68.5,3560.09
cotton,5.39,946.2,35.1,59.9,141.8,54.1,67.5,1582.47
rice,6.43,674.6,26.1,62.0,100.9,41.6,77.4,4132.24
wheat,7.38,517.9,17.0,57.2,64.5,33.9,33.4,2264.86
sugarcane,6.48,1673.2,29.0,72.4,135.9,34.1,43.1,65569.03
maize,6.91,940.2,25.9,48.1,139.5,58.6,16.2,4787.78
maize,6.59,693.0,30.8,56.3,142.3,35.5,81.4,5514.48
sugarcane,6.57,1418.1,29.8,61.0,204.0,59.5,33.7,89839.96
cotton,6.29,705.5,30.0,66.6,46.9,51.0,62.3,1645.54
maize,6.64,671.6,23.4,72.8,145.5,32.4,28.9,4156.17
rice,7.0,1034.9,24.0,44.6,102.4,26.7,15.0,2640.01
maize,7.67,931.9,23.5,57.9,133.4,49.7,47.0,4736.35
maize,6.06,680.8,17.0,72.7,100.5,62.5,33.0,3748.72
wheat,7.47,463.4,26.9,78.5,173.7,57.0,50.6,3400.0
rice,6.21,1157.4,28.5,63.2,98.6,38.8,15.0,3249.13
cotton,6.82,587.1,25.8,58.6,74.9,36.4,62.5,1805.82
maize,5.6,768.2,31.6,64.8,80.2,48.4,91.4,4040.42
sugarcane,7.47,1693.1,38.6,61.2,158.9,24.0,52.8,52149.56
cotton,7.04,803.8,25.1,57.3,102.0,41.4,33.4,1673.44
maize,5.74,963.7,32.2,80.4,83.3,39.5,57.9,3262.47
wheat,5.89,603.9,15.3,73.6,139.5,55.9,48.1,3362.22
sugarcane,6.95,1453.1,29.2,70.8,130.2,33.1,62.4,69407.23
rice,7.95,528.3,27.3,63.2,161.0,53.6,65.0,4151.94
maize,5.51,985.0,29.0,62.3,131.6,52.7,33.0,3799.6
wheat,6.1,538.4,19.4,69.7,168.2,40.7,79.4,4307.3
sugarcane,5.2,1814.2,27.7,60.5,147.1,15.9,31.2,36584.28
sugarcane,6.51,1080.2,39.6,61.4,115.6,65.8,42.8,55619.32
maize,6.55,896.6,24.4,82.2,144.3,68.8,40.8,5667.63
sugarcane,5.18,1102.2,33.1,89.7,70.1,38.0,63.0,33491.54
maize,5.7,758.8,29.7,73.9,107.9,14.4,38.8,3105.57
sugarcane,7.24,1642.4,33.9,91.0,149.4,42.2,55.0,69752.23
rice,6.72,1294.1,32.6,61.7,101.5,65.3,15.0,3620.42
cotton,6.14,393.1,29.7,88.4,89.3,52.9,23.6,1647.99
rice,6.11,1162.1,28.0,63.3,86.5,47.4,48.7,3140.67
maize,6.23,781.7,19.3,72.2,56.0,55.2,38.8,3263.6
wheat,6.22,768.0,14.9,89.5,106.1,50.4,71.7,3029.18
maize,7.24,515.9,29.8,84.5,162.7,47.2,48.2,4711.04
sugarcane,6.7,1426.3,31.6,72.3,100.6,48.1,23.5,55248.61
cotton,6.32,778.1,24.4,42.3,115.5,64.3,68.8,2430.96
sugarcane,7.31,1639.2,29.8,56.2,105.6,63.1,49.6,60229.1
sugarcane,6.54,1673.9,30.3,84.6,69.4,40.4,79.3,49157.44
wheat,4.95,628.0,21.4,69.3,102.3,30.5,85.3,1766.17
rice,6.02,1149.5,28.7,82.0,117.8,62.7,75.7,4992.62
maize,5.41,897.3,28.0,75.4,90.0,41.6,15.5,2993.87
cotton,7.03,751.4,31.7,72.6,212.7,26.5,20.8,1795.06
wheat,5.54,454.4,22.6,62.1,117.2,36.1,45.3,2320.13
cotton,6.23,618.4,25.0,63.6,123.0,36.2,58.6,2207.59
maize,7.17,720.7,27.2,91.3,35.7,52.4,97.7,4259.7
rice,7.76,1245.2,29.3,69.0,190.6,41.1,54.5,4028.34
rice,6.45,1498.2,28.1,62.8,110.4,21.0,24.5,3121.25
cotton,6.28,456.2,20.8,65.2,113.6,62.2,67.8,2152.24
maize,7.68,985.9,24.9,85.2,76.8,28.7,15.0,3127.19
sugarcane,6.7,1652.4,38.0,53.1,74.7,45.0,35.7,37875.61
cotton,6.27,623.4,27.2,82.0,93.7,43.4,114.6,2157.24
rice,6.54,1257.5,39.4,79.2,200.5,44.9,48.8,3790.13
cotton,6.42,810.4,24.5,92.2,62.9,63.9,65.8,2299.97
rice,5.73,1459.1,29.0,63.7,125.5,46.8,39.1,4180.76
maize,5.14,665.6,31.0,75.9,154.5,58.7,33.3,3722.65
sugarcane,6.17,1701.6,27.7,93.8,177.7,49.6,54.8,78029.81
wheat,7.41,676.3,20.5,68.9,124.3,64.8,32.7,3516.67
rice,6.02,1111.3,26.0,79.8,33.1,29.1,54.1,2503.67
wheat,6.46,430.4,16.8,61.0,76.9,31.1,82.3,3018.26
sugarcane,5.73,1576.0,28.2,60.5,84.8,24.7,54.2,39035.09
sugarcane,6.17,1663.8,33.1,47.1,119.4,14.7,43.9,48084.04
sugarcane,6.06,1361.2,34.7,57.5,148.4,35.6,36.7,54865.93
sugarcane,5.84,2166.9,38.0,67.6,119.0,33.6,63.6,45374.97
cotton,4.5,690.5,30.1,59.6,35.6,43.3,58.4,840.0
cotton,7.61,615.6,26.1,49.8,95.0,62.4,81.0,2385.73
sugarcane,6.05,1754.9,24.7,64.6,58.9,61.8,50.2,45249.9
sugarcane,7.45,1484.2,28.4,69.8,133.4,65.2,32.8,59752.3
sugarcane,6.67,1283.8,29.3,76.2,118.1,47.2,39.9,69749.03
sugarcane,6.63,1249.1,26.3,67.8,106.0,59.4,37.8,60606.98
maize,6.81,789.5,23.1,91.9,177.9,60.3,68.1,6515.23
sugarcane,6.41,1398.8,31.5,79.5,124.1,36.5,15.0,54783.94
cotton,5.25,488.8,26.2,51.0,121.1,39.7,70.7,1425.08
wheat,5.19,587.6,18.2,54.6,109.0,43.1,76.6,2564.09
sugarcane,7.21,2033.9,32.8,72.6,188.5,10.0,50.7,59144.19
maize,6.91,898.6,33.2,68.3,95.7,62.8,51.3,4231.47
rice,6.48,1194.6,30.3,61.9,116.2,37.5,81.3,4181.15
cotton,7.3,637.5,27.1,74.1,122.3,53.2,22.4,2009.31
sugarcane,6.96,1268.4,32.8,72.5,112.0,37.3,42.3,52358.37
cotton,6.96,519.9,29.7,69.8,133.1,55.8,27.9,2110.23
maize,7.94,829.9,19.9,89.8,84.0,35.5,75.4,3824.55
sugarcane,5.64,1780.4,33.9,85.6,138.0,82.1,66.2,67583.04
rice,4.5,1477.8,33.8,83.3,181.9,62.4,44.3,2896.94
cotton,7.84,707.9,37.0,54.2,65.2,26.5,53.7,1437.15
wheat,5.99,381.1,19.1,66.2,113.6,39.6,67.7,3066.25
cotton,6.72,409.6,32.9,39.8,44.6,28.5,36.9,1347.3
wheat,6.61,500.0,25.3,41.8,142.9,70.5,18.3,2952.28
cotton,6.51,975.0,15.8,77.8,86.3,39.0,36.2,1210.78
maize,6.23,953.0,13.1,73.5,111.2,14.7,61.2,3292.83
sugarcane,6.81,1240.1,33.0,79.0,88.7,45.6,58.5,60742.79
sugarcane,7.42,1233.0,27.6,62.4,119.5,44.0,66.0,56516.09
cotton,6.58,570.6,28.6,94.6,96.4,57.4,78.7,2087.34
cotton,6.23,526.4,26.7,30.0,141.7,26.3,42.6,1973.56
wheat,7.31,792.6,26.8,51.8,53.6,50.9,27.9,1771.88
sugarcane,7.04,1903.6,32.6,70.3,118.1,15.5,77.2,60875.93
rice,6.8,1622.4,24.6,84.2,192.9,38.2,29.2,3752.07
sugarcane,5.82,1968.7,28.1,68.2,126.4,54.9,64.7,57186.13
cotton,5.7,677.9,35.4,83.1,138.3,41.5,80.2,2084.3
wheat,6.42,583.3,16.3,54.0,134.1,37.0,37.9,2909.7
rice,7.07,1285.1,27.4,62.1,128.9,27.0,59.6,3870.45
sugarcane,6.91,1562.3,32.0,62.2,112.9,48.9,67.7,70131.19
cotton,6.19,1023.3,36.9,68.2,123.5,69.5,52.1,1855.36
maize,6.9,449.2,29.5,98.0,126.8,39.9,51.8,4703.12
cotton,6.22,631.5,29.1,62.9,93.9,52.1,25.1,1913.43
maize,5.84,937.5,30.4,83.0,107.6,79.1,54.6,4913.29
sugarcane,6.16,1176.1,31.5,62.1,81.1,25.9,40.7,49424.16
cotton,5.98,559.6,26.4,88.7,75.0,35.5,69.6,1801.96
sugarcane,6.53,1515.5,33.7,52.9,82.9,58.1,55.7,61594.3
wheat,7.04,535.9,18.2,71.4,126.6,57.7,78.6,4267.31
rice,7.46,1381.0,28.9,74.9,55.4,82.5,77.6,4392.22
maize,6.57,489.3,26.1,84.9,89.0,52.4,72.0,4631.3
wheat,5.54,469.6,25.2,54.9,141.3,47.2,51.6,3368.1
wheat,6.49,606.7,22.6,48.4,120.4,45.0,39.2,3131.84
maize,6.17,583.5,28.4,81.2,98.2,72.4,39.3,5110.26
sugarcane,6.04,1603.7,37.7,78.8,155.5,26.1,53.5,59616.48
maize,7.0,809.6,29.7,73.5,99.1,30.7,50.0,4090.76
cotton,6.68,943.3,22.4,72.6,82.2,55.8,57.4,1710.73
sugarcane,6.17,1203.2,44.0,75.6,129.9,55.7,83.1,64924.76
rice,6.52,1204.0,26.3,91.3,96.9,57.6,17.5,3696.74
rice,6.98,1510.4,27.1,65.1,167.3,55.7,60.0,4862.96
wheat,6.76,737.9,20.3,52.8,68.1,38.0,49.3,2526.78
cotton,6.63,480.8,30.1,55.1,94.2,50.3,39.5,1849.06
maize,6.23,809.3,28.1,50.0,144.2,82.0,53.2,5817.83
cotton,7.02,551.3,23.4,53.2,146.7,28.0,38.6,1921.58
rice,6.35,1294.0,33.4,96.5,119.5,48.7,45.2,3387.92
cotton,6.75,606.3,25.6,80.6,87.8,80.6,19.9,1577.9
wheat,6.62,657.2,17.8,37.7,134.7,51.3,47.8,3722.57
sugarcane,7.37,1790.9,29.3,71.9,114.8,10.0,27.1,44487.12
sugarcane,6.85,1349.3,38.5,90.4,189.8,32.5,55.7,66166.97
rice,6.67,1125.4,27.5,56.9,91.8,55.7,69.1,3913.41
rice,4.93,1417.5,32.4,45.8,116.2,53.1,53.5,2383.5
cotton,7.53,564.1,24.8,58.0,112.1,40.1,74.8,2241.01
maize,7.26,646.3,20.3,42.8,154.5,41.6,60.8,4854.83
maize,7.16,952.4,30.2,74.6,110.4,27.3,69.8,4734.74
cotton,6.75,614.6,17.8,76.9,150.4,17.5,54.8,1855.55
maize,7.13,692.1,24.4,61.3,72.7,69.3,39.2,4581.13
rice,5.4,1001.7,26.5,66.2,20.0,57.9,69.1,2668.49
rice,6.86,1102.7,23.8,58.9,108.5,10.0,30.7,2534.68
sugarcane,6.63,1699.2,28.3,77.8,31.7,42.2,42.7,40963.76
wheat,4.92,452.6,21.8,67.3,126.2,59.1,38.5,2032.17
cotton,6.07,665.7,34.5,58.7,54.9,26.1,74.9,1475.29
maize,6.93,879.9,28.0,64.5,140.0,33.5,58.7,5208.3
rice,6.19,1390.5,26.7,71.8,66.2,45.5,78.8,3553.2
sugarcane,5.68,1560.3,27.8,60.9,81.9,31.8,109.4,52563.29
rice,6.5,1318.7,32.5,64.3,151.8,14.8,87.1,3557.65
sugarcane,6.96,2196.3,35.3,86.8,48.8,13.2,55.8,32507.51
maize,5.15,763.4,24.2,68.1,143.1,35.1,17.5,3357.78
rice,5.53,1113.0,30.1,57.3,148.4,31.6,57.9,3492.93
cotton,6.75,914.1,30.6,76.8,134.5,28.4,43.5,1995.37
cotton,5.16,584.5,22.0,71.3,95.2,56.3,52.8,1228.95
sugarcane,6.74,1268.0,29.4,72.4,163.2,46.8,40.8,68276.72
cotton,6.25,756.0,26.9,65.3,124.3,34.3,84.9,2231.91
maize,7.73,885.4,21.5,80.4,145.5,56.7,51.1,4971.32
cotton,7.41,588.2,29.2,68.6,101.6,42.4,58.9,1871.23
sugarcane,6.43,1543.3,36.2,77.3,85.0,66.2,49.0,54454.91
maize,7.5,1196.0,22.4,65.1,88.2,43.3,60.5,3435.99
sugarcane,6.61,1035.2,29.6,68.2,113.6,13.9,70.1,54570.89
wheat,6.01,502.3,23.0,58.0,108.8,53.5,42.2,2652.46
maize,7.11,958.8,26.1,72.4,138.4,32.0,56.1,4866.45
cotton,6.6,620.4,31.9,49.6,134.1,52.6,59.0,2337.37
sugarcane,6.51,1858.4,37.2,70.9,75.8,76.3,71.4,57908.65
maize,6.3,953.4,28.1,81.4,130.3,54.6,59.3,5003.1
wheat,8.15,556.9,24.3,71.1,81.2,44.3,16.8,1931.29
sugarcane,6.65,1784.2,25.6,63.5,115.1,12.0,38.3,42199.82
rice,6.58,819.7,34.0,62.2,127.9,73.9,60.0,4961.18
sugarcane,7.1,1188.4,25.4,56.4,117.5,21.6,42.3,46275.71
rice,7.04,1441.7,24.0,73.2,124.4,56.1,39.5,3251.9
cotton,7.17,696.0,32.9,63.2,75.0,84.5,21.4,1634.98
sugarcane,6.61,1337.0,25.9,77.2,174.6,62.8,76.1,91719.48
cotton,6.14,634.3,37.0,63.7,122.6,54.7,35.0,1698.55
sugarcane,8.37,1145.8,31.2,78.9,150.3,34.8,17.5,37440.26
rice,7.13,1543.5,30.7,47.8,88.9,93.8,45.2,4801.49
cotton,7.04,890.2,25.5,55.3,137.4,11.1,68.1,1895.8
rice,7.5,1235.7,29.5,74.7,151.0,15.2,66.7,3703.89
maize,5.67,827.2,34.1,64.6,90.4,40.8,67.0,3610.49
sugarcane,6.92,1234.5,24.7,62.3,148.8,60.4,63.2,73786.3
maize,7.14,867.5,27.3,75.9,102.6,54.8,48.2,4756.97
sugarcane,6.41,1322.0,28.2,74.5,155.9,66.1,29.9,77641.06
maize,7.34,639.0,26.2,83.5,141.8,18.4,34.6,3965.85
sugarcane,7.24,1424.9,33.8,33.1,20.0,23.8,58.0,41300.72
wheat,7.82,583.8,21.1,54.8,95.1,77.8,65.0,3226.58
cotton,7.28,681.2,21.6,81.7,100.5,20.0,82.0,1994.06
wheat,7.64,492.1,17.2,58.2,95.9,25.9,60.9,2615.71
wheat,5.5,482.6,15.7,55.2,192.1,57.7,15.0,2727.66
cotton,6.09,561.5,18.9,69.9,91.7,31.8,36.7,1396.39
wheat,6.77,449.1,20.9,63.1,121.4,55.5,79.2,4083.4
wheat,7.03,391.8,17.8,67.3,140.4,79.7,45.3,3873.04
sugarcane,7.75,1072.6,33.7,77.4,150.3,46.1,72.8,64986.29
sugarcane,6.52,1434.4,29.5,86.8,84.3,31.7,97.4,63338.95
cotton,6.98,321.8,28.2,66.3,67.2,10.0,52.8,1393.75
maize,6.5,518.0,30.3,64.8,176.4,52.6,15.0,4234.48
rice,6.37,1746.3,23.6,48.4,107.1,85.6,51.0,3894.92
rice,6.61,1145.9,27.0,71.6,168.1,40.2,71.4,4656.16
maize,6.23,615.7,22.4,61.3,131.5,33.7,59.5,4603.08
rice,6.62,1728.3,30.8,56.2,74.0,27.2,64.8,3058.26
sugarcane,7.87,1561.8,28.6,75.9,113.2,14.1,72.3,45711.84
maize,6.94,742.5,25.0,58.9,100.1,44.1,27.5,3897.08
cotton,7.47,554.7,23.1,68.4,95.8,49.5,65.4,1878.26
cotton,7.06,659.4,28.1,65.6,147.8,45.1,60.0,2368.4
wheat,6.87,573.5,24.5,61.0,156.4,54.5,54.5,4399.4
cotton,8.23,628.1,26.0,82.9,42.6,18.3,68.3,1048.57
cotton,6.04,751.7,28.5,72.5,116.1,36.3,58.9,2114.47
rice,6.97,1398.5,24.8,70.1,139.5,29.1,42.6,3848.1
rice,7.22,1013.4,28.4,71.9,100.4,55.5,60.6,4717.73
rice,6.03,1276.4,27.7,87.3,87.7,59.0,82.9,4173.93
cotton,6.25,472.5,27.8,45.9,123.6,57.3,38.5,2142.42
rice,6.1,1485.5,34.3,59.4,108.4,53.8,48.4,3771.6
rice,5.61,1287.3,32.4,57.1,41.1,39.2,85.2,2987.9
cotton,7.03,888.6,21.0,53.0,39.7,32.8,76.3,1381.29
sugarcane,7.13,1379.3,18.0,72.2,109.9,47.5,56.1,47660.8
rice,6.89,1479.2,22.3,56.5,94.9,30.4,24.1,2843.31
wheat,6.51,714.8,16.0,44.7,176.1,24.4,25.0,3175.56
wheat,7.03,362.9,15.7,72.8,131.8,56.5,39.3,3046.58
cotton,6.98,804.7,27.3,57.0,63.8,49.5,98.3,1883.27
sugarcane,6.98,1575.8,34.7,61.3,94.9,84.3,50.1,68049.62
maize,4.5,757.8,31.2,53.3,130.5,52.8,40.0,2922.64
wheat,5.51,637.0,18.6,78.8,74.5,28.3,60.0,2028.3
sugarcane,7.1,2200.0,32.8,68.3,71.6,11.0,78.4,41432.39
rice,8.01,989.1,30.7,80.5,103.4,19.0,49.7,2719.66
maize,5.05,720.7,29.3,53.1,83.7,59.3,25.5,2858.31
rice,7.7,1437.1,29.3,41.0,101.3,74.6,81.4,4671.98
cotton,7.32,591.7,21.2,37.1,174.5,47.0,42.8,2097.51
rice,6.96,1033.2,26.6,83.6,131.5,11.0,47.5,3366.82
cotton,7.98,732.8,27.2,82.5,160.9,36.4,40.6,1838.35
sugarcane,7.38,1515.4,24.6,56.5,88.8,64.7,79.5,66022.74
cotton,7.61,775.9,29.3,70.6,129.3,43.0,46.8,2054.28
sugarcane,7.17,832.9,26.7,66.7,89.1,48.8,84.4,55741.61
wheat,6.49,520.8,20.2,66.3,102.5,65.6,58.0,3957.7
rice,6.23,735.3,27.0,58.9,96.8,14.4,73.6,3173.82
cotton,6.29,516.8,26.8,96.1,93.1,28.6,63.4,1754.84
cotton,5.71,925.5,30.8,62.1,125.3,78.0,39.2,1965.89
cotton,5.61,723.6,27.3,73.6,129.2,40.9,64.8,1950.08
sugarcane,6.39,1586.2,31.6,77.7,94.8,67.9,54.9,72030.52
rice,7.17,1307.7,29.4,72.3,113.2,67.4,57.5,4219.69
sugarcane,7.36,1126.2,32.9,79.7,115.7,50.9,42.4,61425.63
rice,6.56,1492.2,30.6,70.5,121.5,50.6,15.7,3844.62
cotton,6.72,495.6,32.3,55.0,128.4,59.6,56.9,2591.32
sugarcane,7.89,1185.7,30.2,66.4,73.5,10.0,72.4,37231.02
wheat,6.91,589.0,15.2,74.2,102.9,12.2,46.3,2666.48
rice,6.06,1230.3,26.8,78.4,99.9,47.7,58.2,3828.49
cotton,6.48,666.7,32.8,62.1,151.5,28.7,60.4,1997.19
maize,6.19,810.0,25.0,73.4,125.5,42.4,17.7,4395.96
rice,5.83,1433.0,32.5,68.3,79.7,73.6,40.0,2860.8
wheat,5.62,715.4,21.7,76.4,54.4,68.3,68.0,2561.96
maize,6.58,574.5,32.3,47.0,118.0,33.9,56.2,3854.7
rice,7.4,1773.3,25.6,73.9,72.0,54.0,39.4,3274.51
wheat,6.01,444.7,16.7,72.5,110.0,45.9,48.5,3054.26
sugarcane,7.15,1634.6,34.4,68.1,146.2,62.3,78.0,78640.7
sugarcane,7.63,1205.7,26.8,76.3,69.0,59.6,33.2,52356.55
maize,6.42,674.1,31.1,59.7,170.0,65.5,45.5,5985.89
sugarcane,7.05,1925.3,32.3,77.0,98.8,20.5,41.3,46806.67
cotton,6.67,982.4,23.2,60.6,112.0,54.7,15.3,1805.43
cotton,6.53,614.2,28.5,88.0,78.3,47.0,62.8,1883.09
rice,4.95,1254.6,33.3,75.4,125.6,14.0,40.6,1963.93
maize,6.98,769.4,23.0,63.7,79.6,45.2,58.2,4793.59
rice,6.72,1095.5,23.3,76.8,100.7,55.0,92.3,3691.4
cotton,6.51,567.2,18.5,85.5,125.1,20.8,69.4,1898.85
wheat,6.29,675.8,15.7,72.8,96.6,31.3,106.7,3096.72
cotton,7.39,905.8,24.7,33.1,150.1,39.8,32.3,1946.12
rice,7.07,1814.1,27.2,98.0,109.6,40.0,36.8,3264.39
rice,6.18,1419.6,31.4,44.6,125.3,43.7,57.5,3864.28
rice,6.5,1248.6,26.3,52.1,135.1,40.3,61.5,3792.87
cotton,6.4,827.4,30.3,93.1,94.5,60.2,19.3,2136.92
maize,6.77,581.2,21.6,75.9,129.7,42.5,70.6,4702.63
rice,7.09,1229.1,28.0,91.6,172.2,56.5,74.4,5741.81
sugarcane,7.74,1210.4,24.7,74.4,77.7,54.7,78.0,54746.29
maize,5.86,879.7,31.1,98.0,119.2,26.1,48.4,3616.19
rice,7.21,1331.8,25.1,87.3,181.3,47.6,65.2,4946.56
rice,6.7,1153.1,29.7,62.3,78.5,43.6,53.1,4086.61
wheat,7.19,627.8,20.6,76.0,118.6,42.4,62.8,3812.69
cotton,6.21,630.1,27.7,77.6,106.5,10.0,42.9,1589.53
wheat,7.38,618.0,22.6,70.1,128.3,30.6,48.8,2993.9
sugarcane,6.68,862.1,24.1,71.4,101.9,58.1,53.6,56781.35
cotton,6.62,638.6,24.3,77.9,121.2,10.0,34.3,1302.35
sugarcane,6.69,1697.8,39.2,58.3,106.5,40.1,15.9,44004.58
cotton,6.49,683.9,29.1,66.9,80.4,14.3,50.9,1531.06
rice,7.48,1594.1,35.5,43.2,167.0,48.3,87.0,4519.93
cotton,7.6,487.2,26.5,84.0,150.5,41.9,40.3,2095.22
maize,5.93,431.7,29.2,50.9,152.8,34.6,34.5,4079.77
wheat,7.23,504.2,13.6,86.5,151.7,39.6,62.0,3391.42
sugarcane,6.69,1245.3,22.2,67.7,59.8,52.6,58.5,47429.05
rice,6.94,1441.8,29.5,72.6,113.0,57.3,61.3,4568.4
sugarcane,6.24,1178.3,33.1,51.5,41.2,65.8,32.3,44563.97
rice,7.22,908.5,25.2,72.7,128.1,22.6,47.3,3158.94
cotton,7.18,778.6,28.5,41.1,150.4,52.9,54.5,2450.98
wheat,6.24,650.2,22.9,66.3,89.9,14.6,54.7,2233.35
cotton,5.48,425.9,29.3,69.9,95.1,15.2,64.4,1438.49
sugarcane,5.79,1582.2,43.6,83.5,106.3,63.9,36.4,44865.3
sugarcane,5.37,1728.1,26.5,77.9,114.6,44.1,29.0,37601.11
wheat,6.71,657.4,24.3,61.8,95.0,43.3,58.7,3305.16
maize,7.77,681.6,27.2,77.8,86.1,36.7,57.6,3534.91
maize,5.85,603.3,30.8,73.6,82.2,60.7,40.2,3299.55
maize,5.4,873.9,32.7,73.5,71.9,42.8,32.6,2807.28
cotton,7.2,866.1,23.6,53.3,159.3,42.8,37.1,2192.33
rice,6.72,1204.3,32.1,85.2,122.0,28.7,65.2,3989.56
sugarcane,7.24,1842.9,32.7,60.1,140.7,25.1,50.6,59473.17
cotton,5.33,769.2,29.3,64.4,52.8,17.0,47.0,956.71
cotton,6.58,879.5,27.3,54.2,121.1,65.2,38.5,2336.05
cotton,7.07,463.7,26.4,72.2,128.7,71.9,47.2,2613.91
maize,5.67,649.6,23.7,90.5,135.8,33.5,71.2,4400.65
wheat,6.74,531.1,22.8,73.6,56.2,27.7,51.5,2367.64
rice,6.49,796.7,28.9,69.4,150.9,73.6,41.3,5080.6
rice,5.82,1545.7,24.9,70.1,145.7,42.7,78.4,4100.28
sugarcane,6.46,2097.5,34.8,58.6,88.6,49.7,70.4,64615.97
maize,6.73,991.2,21.9,80.3,111.7,57.5,46.3,5031.84
wheat,7.79,649.0,16.7,38.6,146.3,34.7,71.9,3240.43
rice,7.08,1177.6,31.9,97.0,86.4,75.2,43.3,4300.99
rice,6.9,967.8,28.8,63.3,48.9,32.6,51.3,2911.7
wheat,5.54,461.3,20.8,74.5,137.9,21.5,48.8,2725.65
cotton,7.83,599.2,29.9,51.3,77.5,65.4,62.3,2018.88
cotton,6.43,660.8,32.4,69.5,69.8,59.5,67.9,2002.55
rice,6.5,1325.6,33.8,62.3,181.2,80.9,52.4,5004.25
sugarcane,7.09,1352.7,26.4,85.9,152.6,47.8,29.7,56475.94
maize,5.74,501.8,24.3,52.2,129.5,55.2,52.1,4781.05
sugarcane,7.59,1459.4,27.5,87.8,67.8,30.7,64.8,46411.44
wheat,7.34,511.2,20.1,80.8,166.5,58.1,53.3,4593.26
wheat,7.21,365.2,20.8,83.0,137.7,53.8,86.7,4024.88
wheat,7.37,573.6,19.5,69.6,100.4,65.1,66.4,3606.73
cotton,6.38,571.0,22.4,73.3,114.1,47.6,90.6,2252.26
maize,7.26,643.2,27.6,54.4,118.6,55.2,54.2,5094.69
rice,6.82,1393.4,33.9,84.7,91.0,43.2,68.4,4039.41
sugarcane,6.55,1502.3,36.5,66.7,81.9,61.0,64.3,57963.96
sugarcane,7.37,1344.3,36.0,60.5,74.1,36.8,53.1,46162.61
cotton,6.09,588.6,25.0,82.9,115.6,24.9,50.0,1692.6
rice,6.54,1652.6,25.7,42.7,131.6,51.2,34.8,3439.63
cotton,7.33,785.5,28.1,86.5,107.6,40.0,95.0,2262.21
rice,6.25,1528.2,26.4,70.0,128.8,47.3,70.4,4255.09
sugarcane,7.37,1145.8,25.2,43.0,44.8,64.4,67.6,48663.74
sugarcane,6.56,1633.0,31.3,66.1,151.2,21.4,65.7,57931.62
cotton,6.56,670.0,28.2,74.6,122.0,44.6,94.1,2615.28
rice,7.56,823.0,28.6,65.5,193.6,71.0,26.0,4182.9
wheat,6.75,493.0,16.7,52.7,206.9,40.5,16.5,3508.88
sugarcane,6.77,1807.1,28.6,62.6,20.0,43.3,66.6,45373.67
maize,7.21,969.7,31.4,80.7,74.6,23.7,18.8,2681.27
maize,7.68,685.9,28.7,69.8,96.6,60.1,39.0,4150.23
maize,5.5,811.1,33.8,54.1,83.4,32.2,57.6,2802.55
rice,5.69,1115.3,32.7,82.1,119.1,36.8,71.5,3861.75
cotton,7.4,644.4,33.4,80.3,65.7,84.5,40.7,1841.33
sugarcane,6.29,1336.3,31.4,45.4,59.4,51.5,39.1,54311.62
cotton,6.05,950.1,30.6,75.3,76.0,22.1,53.8,1352.38
rice,6.95,1425.9,30.2,80.8,93.1,57.5,59.7,3946.23
wheat,6.83,640.0,22.4,63.4,121.4,53.6,34.9,3307.14
cotton,6.13,801.1,33.0,74.0,103.6,78.5,58.6,2156.23
maize,7.6,962.1,25.9,70.0,148.9,18.0,48.5,4435.91
wheat,5.88,540.7,19.7,75.8,150.7,75.3,40.1,3249.78
wheat,5.12,548.8,18.5,65.5,120.9,56.6,88.7,2694.52
maize,6.38,718.0,30.3,64.4,131.0,51.2,35.7,4755.11
maize,7.05,678.7,23.9,77.0,135.0,37.9,23.3,4188.68
maize,7.13,837.3,23.6,93.8,156.1,34.5,92.6,5731.03
rice,5.97,1241.5,27.7,60.8,92.3,62.9,62.4,3588.21
sugarcane,6.93,1203.5,31.9,71.2,88.1,40.3,36.1,57421.71
cotton,5.92,594.3,19.1,96.4,140.2,30.1,49.4,1601.06
wheat,5.85,595.8,19.4,83.6,107.7,60.2,41.1,3030.52
cotton,5.27,877.5,30.1,67.0,88.1,73.6,72.9,1771.48
rice,6.87,1208.4,32.9,49.6,105.6,41.3,58.2,4230.62
wheat,7.62,565.5,17.9,76.7,96.9,55.6,41.7,2732.08
sugarcane,7.6,929.3,28.3,66.7,124.4,73.4,17.8,52746.01
wheat,7.44,459.8,24.2,69.7,55.0,49.7,58.8,2770.94
rice,6.98,963.7,34.0,65.1,112.4,39.7,32.9,3480.88
rice,7.26,1263.7,29.3,92.9,53.7,15.8,27.1,2412.72
maize,7.89,898.6,25.5,78.2,95.9,59.9,15.0,3272.08
maize,6.5,505.0,26.8,73.4,85.4,79.9,52.6,4882.16
wheat,6.24,567.3,23.5,47.8,179.9,66.2,20.8,3751.04
maize,5.77,816.3,26.7,65.9,138.3,67.2,24.5,4484.04
wheat,6.48,434.2,15.5,82.1,102.8,65.7,66.9,3691.07
rice,6.56,1047.7,31.0,76.6,84.9,67.2,99.9,4261.43
maize,6.76,437.5,27.7,47.8,62.2,51.6,65.7,4511.95
wheat,6.2,509.7,18.7,56.8,130.0,70.0,64.4,4147.47
rice,6.12,1412.1,24.8,65.7,141.0,64.8,70.3,4822.65
maize,6.13,588.3,32.0,69.4,120.1,66.0,66.7,5159.97
cotton,6.92,853.5,20.3,62.3,151.3,16.8,47.4,1755.52
cotton,6.67,616.8,23.6,67.5,129.9,39.2,15.0,1871.47
wheat,7.37,607.1,17.6,57.3,107.5,66.7,28.7,3132.12
sugarcane,5.32,1730.6,33.4,49.2,119.1,45.1,46.0,36976.16
rice,6.39,1077.0,28.8,48.3,107.3,71.9,42.8,4275.62
wheat,6.32,666.9,17.5,60.6,93.2,41.5,56.8,2876.92
sugarcane,7.39,1639.6,31.8,89.3,124.7,68.5,67.1,66949.43
cotton,6.33,463.7,26.4,91.0,130.7,65.9,30.7,2194.67
wheat,6.73,596.6,15.9,45.6,131.9,71.7,34.5,3996.52
maize,7.09,618.7,27.8,49.2,87.0,65.6,72.4,5167.81
rice,6.71,1242.5,23.1,65.1,109.2,62.8,38.4,3946.17
sugarcane,6.69,1622.2,35.8,47.2,101.4,53.0,66.7,64361.03
cotton,6.69,694.6,26.4,82.0,99.6,44.6,36.9,1576.02
rice,6.92,1233.5,29.9,53.1,130.8,34.0,48.5,4035.83
rice,6.31,1285.4,32.2,75.2,168.4,30.8,74.5,4456.79
wheat,6.31,797.4,18.4,73.1,129.5,25.4,46.3,2869.31
rice,6.6,1403.5,27.7,33.7,106.0,71.4,48.1,4865.45
cotton,6.26,700.1,23.2,72.7,94.0,63.8,70.5,2123.13
sugarcane,5.75,1518.8,32.6,78.8,97.3,49.0,62.1,49964.27
wheat,6.85,640.2,22.2,68.7,122.3,34.9,49.0,2921.99
cotton,5.82,725.3,21.0,70.9,116.8,75.2,23.7,1684.45
cotton,6.25,610.0,35.9,78.2,52.1,53.5,24.9,1204.02
wheat,7.6,594.6,20.7,67.3,69.8,41.1,94.5,2845.58
wheat,7.92,318.3,24.6,68.8,71.9,54.6,52.6,2178.41
wheat,5.15,525.4,17.7,58.2,123.5,65.2,52.3,2704.44
wheat,6.6,523.6,22.9,62.8,89.9,61.4,46.6,3112.23
rice,7.45,1403.9,35.9,48.3,63.5,24.1,49.3,2792.66
maize,6.88,699.7,28.0,95.1,62.2,10.0,53.6,3008.8
rice,5.53,881.5,28.9,63.3,112.1,37.8,79.8,3533.84
sugarcane,7.01,1609.4,28.5,52.6,164.5,49.4,62.9,80281.62
cotton,6.97,529.8,28.5,67.6,121.3,47.1,62.6,2235.91
maize,7.62,762.2,21.3,33.1,108.7,49.5,43.4,4118.8
maize,6.39,828.2,23.1,51.9,105.7,51.0,15.0,4309.37
cotton,7.87,805.5,23.7,80.1,132.0,43.1,40.8,1603.04
sugarcane,6.16,1723.5,29.4,67.7,90.5,73.5,34.7,58859.73
cotton,7.05,1005.2,32.8,87.8,117.6,62.4,40.6,2059.71
sugarcane,7.36,1635.6,33.8,72.1,129.0,39.8,62.4,59227.1
maize,6.56,757.1,27.0,54.4,100.7,43.4,15.0,4094.12
sugarcane,7.35,1345.6,36.7,82.6,181.2,52.4,53.8,63353.98
sugarcane,6.76,1240.6,23.9,67.5,163.6,42.4,66.2,75878.61
maize,4.87,443.5,30.7,62.3,186.9,26.4,48.6,2696.73
wheat,7.51,560.5,24.1,70.9,140.4,69.2,88.6,4369.54
cotton,5.85,570.2,31.1,64.7,165.6,54.0,45.3,2220.09
sugarcane,6.25,1373.4,29.6,62.8,92.9,59.0,65.8,73962.19
rice,7.38,1437.9,24.9,63.6,132.5,27.3,51.2,3669.08
wheat,5.44,554.1,26.2,58.1,103.8,63.4,70.1,2886.63
sugarcane,6.53,1479.9,25.0,66.8,151.5,82.6,74.6,81376.37
rice,6.02,1503.6,31.7,79.7,138.9,28.5,42.9,3799.43
sugarcane,6.11,1067.7,32.4,82.8,82.6,57.4,36.1,55763.51
rice,7.55,1266.2,31.7,88.7,118.6,40.4,20.9,3121.78
wheat,6.11,601.9,19.4,70.4,102.8,70.4,36.5,3205.17
rice,5.99,1216.3,29.1,58.4,69.9,52.1,89.8,3907.89
rice,6.78,1558.5,25.5,58.2,148.3,18.5,44.2,3304.4
cotton,7.73,748.0,34.9,73.1,135.4,10.0,36.7,1354.01
cotton,6.4,669.0,27.1,64.8,115.5,36.9,46.9,2119.19
rice,6.72,1770.4,33.8,56.7,123.7,11.8,21.5,2502.1
maize,7.02,776.4,22.1,48.7,137.0,72.1,46.2,5124.54
maize,6.22,666.9,28.9,88.4,94.6,38.4,61.0,4011.44
cotton,6.57,650.5,33.0,83.2,172.3,33.3,63.6,2326.42
sugarcane,6.45,2155.5,33.5,57.5,83.1,18.8,28.0,36644.83
wheat,6.7,509.9,17.9,77.2,102.5,10.0,23.2,2309.14
rice,6.45,1037.8,29.6,68.0,67.4,36.0,90.8,3301.49
wheat,7.13,496.2,21.5,61.6,80.1,48.9,32.0,3085.67
cotton,7.04,712.8,22.3,62.3,134.2,36.9,26.6,2053.14
maize,5.39,691.0,26.1,56.0,94.0,19.7,56.5,3333.48
maize,6.83,627.8,32.1,58.7,154.9,47.2,41.5,4875.07
wheat,6.14,525.9,19.7,75.7,162.8,65.1,26.6,3842.63
cotton,7.38,680.7,27.3,64.0,115.3,40.4,15.0,1838.71
cotton,6.56,708.5,27.9,54.3,160.9,78.9,65.9,3154.55
cotton,6.94,687.7,28.0,84.8,163.1,17.9,55.2,2028.14
sugarcane,6.35,1057.1,30.6,77.4,80.6,10.0,100.5,50111.91
wheat,7.52,526.2,11.8,74.0,154.6,61.6,41.7,3356.84
rice,7.25,1267.5,32.3,77.1,73.8,56.5,68.4,4279.27
maize,6.32,763.1,24.6,57.9,74.4,42.3,62.2,4070.24
cotton,4.93,917.5,30.2,52.9,119.0,26.2,63.8,1149.16
wheat,7.16,550.7,17.8,81.9,128.5,31.2,56.0,2881.23
maize,6.44,842.4,25.9,65.2,81.9,45.6,49.8,4076.94
rice,6.59,1320.4,35.8,84.8,130.6,54.8,42.9,3801.45
maize,6.78,557.4,31.3,78.7,145.1,52.2,15.0,4639.38
sugarcane,7.33,1515.3,31.5,72.4,106.7,45.2,43.3,55195.06
rice,6.48,825.0,25.3,51.4,140.5,30.1,82.6,3948.93
wheat,7.96,803.6,19.8,70.9,123.2,38.4,63.5,2543.49
sugarcane,6.49,1649.9,31.4,60.7,90.2,59.6,41.9,65038.71
cotton,7.12,578.4,27.0,57.5,48.6,45.9,75.5,1823.48
rice,7.04,1265.4,33.0,74.4,144.6,53.1,54.2,4541.61
maize,7.22,667.3,23.0,64.2,128.9,71.0,36.3,4836.39
cotton,6.28,399.8,25.1,54.4,131.6,32.9,72.8,2235.57
maize,6.13,712.3,33.0,65.8,62.9,50.3,81.2,4421.08
rice,6.99,1315.7,21.1,68.4,116.2,42.1,69.1,3824.87
sugarcane,5.89,1600.7,25.5,92.7,82.9,41.0,61.6,47527.03
rice,7.66,1444.1,26.2,80.2,66.5,32.1,57.4,2606.44
maize,6.39,652.2,25.5,60.2,119.2,21.2,61.4,4968.08
maize,6.97,865.5,23.3,81.0,164.5,20.1,65.8,4977.22
wheat,6.56,540.6,24.8,68.2,95.2,63.8,57.4,3218.94
wheat,5.09,563.7,31.7,74.7,110.6,68.6,59.4,2320.86
maize,6.61,748.0,22.2,75.1,108.6,36.0,77.1,4403.73
rice,7.15,1510.7,27.4,63.6,57.8,31.5,23.8,2644.12
rice,7.47,1185.8,32.7,81.2,68.8,67.5,60.9,3385.06
maize,5.2,762.4,25.9,70.5,107.0,36.7,44.7,3069.86
cotton,6.97,693.0,25.8,54.7,122.7,23.9,35.1,1873.03
rice,5.86,1324.7,24.6,47.1,160.0,40.3,67.7,4469.36
sugarcane,5.48,1244.1,31.8,46.0,114.4,27.1,37.8,47024.49
sugarcane,7.94,1702.4,34.0,72.9,82.8,29.4,37.4,40377.09
sugarcane,6.62,1663.9,29.4,41.6,127.2,24.6,35.8,53533.11
rice,6.48,990.6,32.1,83.9,143.1,23.5,50.8,3824.63
rice,6.59,1086.8,25.4,51.2,113.6,10.0,50.1,3272.26
rice,6.44,1374.7,26.8,48.5,47.4,53.6,44.5,2881.65
rice,7.02,1151.5,25.4,55.8,56.3,22.3,25.5,2221.67
sugarcane,7.49,1678.5,35.0,98.0,119.9,71.0,46.9,67045.59
wheat,7.5,628.8,18.1,90.8,45.3,35.6,30.8,2097.96
maize,7.48,876.4,21.1,44.0,134.6,46.5,62.8,5405.23
wheat,6.17,546.9,15.2,88.0,49.7,41.1,80.5,2397.36
cotton,6.91,660.3,33.4,76.1,76.2,56.8,58.3,1872.09
maize,6.99,679.9,29.1,73.5,89.6,65.3,40.2,4873.54
wheat,5.63,583.9,18.9,75.0,62.9,38.6,51.4,1890.59
wheat,7.65,466.9,17.9,50.6,150.1,53.2,83.0,3908.82
cotton,6.92,869.4,33.4,64.0,155.5,32.1,73.6,2506.08
rice,6.16,1230.7,29.9,41.5,56.5,17.9,27.3,2372.36
cotton,6.12,931.0,29.8,78.8,114.4,41.7,55.3,1940.04
maize,6.35,520.9,25.1,71.3,96.4,15.0,38.0,3710.52
cotton,7.02,756.0,28.9,74.0,111.3,15.5,56.7,1722.49
sugarcane,6.97,1507.4,26.5,84.4,124.3,38.8,46.0,56833.57
wheat,5.47,841.5,19.5,71.1,88.8,16.8,44.4,1768.69
rice,7.45,1508.7,28.4,62.3,109.2,47.6,49.0,4035.72
sugarcane,6.24,1694.1,35.3,66.8,134.0,25.6,82.6,71622.98
maize,6.4,860.8,27.3,59.0,128.0,50.3,88.4,6389.41
cotton,6.08,683.5,33.3,44.6,35.9,67.4,25.7,1369.91
cotton,6.5,766.6,31.5,89.0,142.6,21.6,75.6,2363.25
maize,7.19,795.1,31.8,62.3,107.5,49.3,71.7,4770.9
maize,6.82,648.7,19.5,85.2,115.8,35.6,35.7,3974.64
wheat,7.05,455.7,20.8,81.4,81.6,25.6,48.1,2693.32
maize,6.02,691.2,32.7,67.0,103.6,28.1,17.1,3031.92
cotton,5.9,992.1,27.6,31.6,153.9,67.5,64.1,2586.15
rice,6.0,1068.2,26.6,72.3,93.2,10.0,31.4,2397.8
rice,6.59,719.8,29.1,68.2,133.8,16.1,97.8,4332.6
cotton,5.71,616.6,30.8,48.0,99.6,80.0,51.9,2104.05
wheat,6.42,490.4,20.2,74.2,139.9,40.0,16.9,2897.68
maize,6.41,767.7,18.5,72.5,82.8,17.7,77.6,3612.92
wheat,6.9,420.3,16.1,57.6,145.0,60.8,15.0,3184.54
rice,5.5,1343.0,25.1,64.1,97.0,50.1,43.9,2854.48
maize,6.13,905.3,25.7,56.1,81.7,58.0,44.6,4493.21
wheat,5.7,415.1,16.7,76.3,96.7,41.3,80.4,3140.88
rice,6.06,728.5,31.8,42.9,149.3,58.5,38.0,3881.56
rice,7.3,1116.5,28.5,49.3,109.6,39.1,54.0,4192.47
sugarcane,6.27,1446.8,27.7,89.4,143.9,46.4,38.0,59175.95
maize,6.5,847.4,31.6,72.6,76.0,28.9,69.5,3562.97
sugarcane,6.8,1184.8,28.4,56.7,148.2,50.3,21.7,67920.08
sugarcane,5.95,1163.1,31.9,64.2,121.6,23.2,37.9,45846.43
rice,6.35,1522.0,30.8,70.3,70.0,47.2,110.6,4031.5
wheat,5.91,529.0,21.0,62.3,100.3,43.7,70.4,3292.09
sugarcane,6.75,1380.7,29.4,49.6,70.6,51.0,41.3,50321.76
rice,4.86,1415.0,25.1,53.3,134.1,38.8,73.4,2700.41
sugarcane,6.52,1372.3,33.8,98.0,123.2,83.2,41.3,66536.26
maize,7.52,574.3,25.9,77.0,183.3,36.7,49.5,4907.87
cotton,6.22,672.7,27.8,63.3,139.1,24.9,65.7,2154.78
wheat,6.5,492.2,17.0,47.4,172.9,48.1,46.2,4327.34
maize,6.32,830.6,29.8,70.7,168.3,41.8,67.5,5970.0
sugarcane,6.39,1241.7,33.8,87.2,126.4,43.5,52.3,63361.72
rice,5.79,1400.6,25.2,83.6,97.3,60.0,25.5,3342.16
wheat,6.26,518.1,17.3,57.6,148.7,10.0,45.9,2780.06
sugarcane,5.77,1053.8,22.0,69.5,62.3,83.5,68.1,45159.31
maize,6.4,857.4,29.4,79.2,69.9,74.5,45.7,4414.27
rice,6.0,1193.7,29.6,85.1,148.6,65.8,72.4,5930.73
sugarcane,5.72,1555.9,34.8,62.9,138.3,42.4,15.0,47458.44
cotton,6.6,804.4,30.9,46.6,140.1,56.6,72.7,2795.43
wheat,6.01,468.9,17.7,79.4,68.7,33.8,19.2,2233.06
wheat,8.22,454.0,10.0,32.4,82.2,13.3,75.7,1741.37
rice,6.58,1171.1,34.7,38.4,125.3,53.7,60.7,4048.82
sugarcane,7.69,1158.0,25.4,74.3,109.0,66.7,47.9,62344.9
rice,6.47,1295.9,28.6,81.5,142.9,47.1,36.9,4073.44
wheat,6.76,376.6,18.0,53.2,152.7,76.3,47.9,3856.82
cotton,8.04,550.7,23.9,79.8,129.2,74.5,17.2,1700.39
cotton,8.59,429.0,19.0,48.6,148.6,37.1,46.2,1027.32
cotton,6.98,432.7,31.3,60.0,67.1,52.2,19.6,1513.35
maize,6.49,763.5,20.8,66.2,143.1,10.0,49.4,3435.64
sugarcane,7.74,1439.1,23.7,70.5,138.6,30.7,49.0,46789.66
cotton,6.83,757.1,21.4,72.6,220.0,72.8,42.2,2553.83
rice,7.15,1234.1,29.8,63.2,141.6,36.4,64.8,4708.01
maize,7.33,930.5,32.3,54.5,99.5,57.8,37.3,3963.14
cotton,6.34,787.3,24.6,70.2,95.7,40.6,70.2,1925.85
rice,5.26,1694.3,30.7,67.4,141.7,18.9,41.7,2476.36
rice,7.87,1164.7,29.9,58.2,62.8,55.6,25.0,2749.78
wheat,6.86,556.7,17.2,50.5,79.6,28.7,87.4,2810.78
rice,6.4,1489.4,27.3,58.9,176.6,43.0,54.3,4782.95
maize,7.21,800.8,32.5,79.9,149.5,63.7,70.1,5133.24
maize,5.84,549.5,27.9,88.6,117.9,40.8,53.2,4516.79
cotton,7.67,624.7,26.0,89.5,107.7,65.9,63.5,2252.79
cotton,6.75,666.5,33.6,64.4,154.9,43.1,37.8,2195.4
maize,6.29,906.0,24.2,67.4,157.1,34.8,66.1,5628.27
cotton,6.21,605.7,34.5,67.3,142.7,48.0,83.3,2545.21
sugarcane,7.72,1583.0,22.5,75.8,88.0,21.2,58.7,36108.68
maize,7.92,751.7,27.7,54.3,184.7,38.9,48.8,4466.32
rice,6.84,1433.3,29.9,86.0,172.1,48.6,58.2,5198.91
rice,6.64,1200.6,29.8,68.5,102.5,61.8,26.1,3607.46
rice,6.39,1138.3,29.8,68.5,84.7,10.0,35.1,2556.84
maize,5.7,703.0,22.4,63.3,49.8,39.1,40.6,2883.42
wheat,6.97,363.1,18.4,67.4,128.6,88.2,72.2,3944.01
cotton,6.99,663.5,29.9,62.1,86.2,40.0,50.3,2018.71
sugarcane,5.43,1649.4,32.1,64.0,123.7,52.5,28.8,53694.83
maize,6.81,947.5,26.8,68.6,135.0,22.3,67.3,4624.15
rice,6.7,1616.4,33.3,74.3,171.9,10.0,64.3,4059.9
sugarcane,7.69,1833.5,33.9,87.9,111.9,56.3,41.4,56084.46
sugarcane,6.43,849.6,30.9,49.0,90.4,10.0,79.7,44145.83
wheat,7.53,443.5,27.9,57.7,65.3,24.3,32.8,1829.65
rice,5.82,829.7,29.0,81.7,130.5,46.0,64.6,4007.26
cotton,5.77,610.2,29.5,60.7,84.3,59.1,29.4,1523.48
sugarcane,5.63,1565.4,33.1,34.6,80.8,32.6,57.4,42547.3
rice,6.69,1164.5,27.0,72.4,85.6,34.6,30.0,2941.55
rice,6.73,1158.3,33.8,60.1,40.2,32.3,87.4,2967.75
sugarcane,6.62,1270.2,30.9,60.8,99.4,60.1,58.7,71977.77
wheat,6.36,594.5,19.3,59.6,96.8,53.8,36.4,3321.26
cotton,6.59,474.3,23.0,44.5,147.7,36.7,81.5,1880.8
wheat,6.59,464.4,17.8,74.0,61.5,55.7,47.2,2992.09
sugarcane,5.7,1700.5,35.8,66.7,121.2,10.0,77.5,49115.66
maize,6.08,692.7,28.4,74.1,89.8,17.8,120.0,3898.48
wheat,7.43,533.1,22.2,88.0,72.2,35.5,81.5,2652.27
wheat,6.27,720.9,24.7,69.5,65.2,22.9,55.3,2265.19
sugarcane,6.46,1386.9,30.0,65.5,148.0,40.8,68.8,74826.91
cotton,7.4,860.5,26.5,64.5,65.6,38.8,48.9,1496.74
wheat,6.43,497.9,22.2,73.9,130.7,67.7,92.3,4482.85
rice,6.93,1477.4,30.2,94.3,98.8,53.9,81.1,4367.6
sugarcane,6.38,1669.8,34.4,64.0,156.1,10.0,30.5,45946.7
sugarcane,6.16,1610.3,34.4,90.5,89.5,30.3,88.1,52840.96
wheat,7.69,572.4,22.5,87.2,87.6,65.0,60.5,3337.57
sugarcane,6.76,1034.5,36.8,54.7,153.9,43.4,78.5,78099.6
cotton,4.63,571.1,27.7,43.2,68.7,38.9,48.4,974.03
rice,6.23,1368.7,27.2,88.0,112.5,64.4,59.1,4391.75
maize,6.69,700.1,24.6,52.6,123.3,52.6,26.7,4912.06
cotton,5.73,611.0,28.1,64.0,138.6,47.6,116.7,2416.79
wheat,7.48,500.7,20.4,72.5,116.1,71.9,40.6,3465.4
maize,6.22,588.3,22.8,71.2,65.1,31.5,68.3,4386.85
rice,8.29,1629.3,25.0,71.3,144.8,33.8,27.7,2503.75
rice,6.75,1477.0,27.9,86.6,104.2,27.5,98.5,3451.63
maize,6.43,359.5,24.5,78.2,105.0,42.5,65.5,4603.42
sugarcane,6.64,1338.7,33.9,65.8,89.4,10.0,53.3,48674.72
cotton,6.96,780.5,33.2,67.1,117.3,62.7,84.8,2451.6
sugarcane,6.0,1472.3,30.7,78.9,157.6,19.2,33.5,56014.35
cotton,7.15,650.6,25.1,60.0,155.7,54.8,25.3,2223.09
wheat,7.19,485.4,19.6,44.4,53.5,45.1,28.5,2732.88
cotton,7.31,564.6,28.0,46.7,125.3,53.1,65.8,2470.41
cotton,5.01,306.7,26.5,76.9,107.0,58.4,31.0,1232.42
cotton,6.2,926.7,34.7,61.4,92.4,26.8,42.4,1297.81
cotton,6.18,479.7,31.1,72.5,73.4,32.8,41.4,1489.48
wheat,7.24,651.4,19.4,48.5,110.4,65.5,71.4,4415.38
wheat,7.01,349.4,21.5,57.7,80.4,76.4,50.7,2984.07
wheat,5.34,391.8,23.4,78.4,99.9,46.2,59.0,2458.76
wheat,6.25,613.8,15.9,98.0,142.8,41.5,39.5,3132.47
maize,6.14,616.8,22.9,69.6,143.7,44.2,43.8,4389.41
rice,5.85,1193.3,31.3,55.3,102.7,69.4,44.6,3860.8
cotton,6.9,650.1,32.9,58.6,137.3,24.0,57.1,1652.81
cotton,6.89,713.9,28.3,79.5,49.2,46.5,53.6,1805.35
cotton,5.87,653.8,41.0,69.7,90.6,41.2,46.8,1498.71
cotton,6.06,579.8,30.7,72.8,110.8,60.1,31.8,2168.45
cotton,5.8,712.4,25.0,83.6,166.1,57.2,24.0,2261.1
cotton,4.96,801.9,28.7,76.7,110.3,22.8,63.0,1241.14
rice,5.57,1241.2,34.8,98.0,132.8,27.3,37.5,2983.38
sugarcane,7.3,2200.0,35.8,70.3,91.9,28.3,58.0,48185.71
wheat,6.68,629.5,17.8,48.2,135.3,67.3,32.6,3879.99
cotton,6.38,731.8,27.5,79.2,121.2,74.7,71.6,2468.3
wheat,7.37,538.7,20.2,84.8,78.2,56.0,32.7,2994.38
sugarcane,6.67,1185.1,26.5,55.2,66.9,57.0,51.5,57098.61
maize,7.46,815.6,23.7,35.4,101.7,63.5,47.2,4710.63
wheat,6.3,572.3,28.3,62.4,100.6,72.8,68.3,3963.48
maize,6.55,898.1,23.5,73.9,69.9,58.3,48.6,4261.63
maize,7.36,472.6,28.2,60.3,138.6,64.0,15.0,4356.38
cotton,6.03,680.8,23.1,86.9,84.1,28.5,76.1,1714.24
cotton,6.37,611.4,29.2,53.6,68.9,32.9,41.9,1804.31
sugarcane,6.43,2172.5,33.2,42.7,85.9,44.0,60.1,48168.56
sugarcane,6.7,1019.6,30.7,52.9,45.3,80.8,54.5,52999.26
cotton,6.96,816.9,34.3,95.3,110.6,35.2,30.5,1674.54
wheat,6.92,567.1,22.7,55.1,109.5,75.6,83.0,3813.48
sugarcane,5.44,1205.2,26.8,78.2,86.2,41.3,89.2,51853.7
sugarcane,6.61,1035.5,26.5,79.2,58.1,56.1,41.5,42210.12
sugarcane,6.04,1347.6,37.6,65.7,143.3,39.3,23.4,46716.87
cotton,7.58,668.7,27.0,62.3,122.3,72.1,30.5,2117.66
cotton,6.65,896.2,29.7,30.1,119.2,18.9,35.7,1527.95
sugarcane,6.8,1508.8,23.2,79.7,82.5,48.6,26.8,45163.43
cotton,7.51,619.0,25.7,73.3,150.0,47.0,55.8,2131.19
rice,6.44,1162.6,32.6,64.3,146.0,36.5,69.4,4456.91
maize,6.46,887.6,23.6,91.4,105.2,53.1,46.1,4361.06
sugarcane,7.03,1246.3,33.6,71.0,89.1,54.5,65.9,68604.28
sugarcane,6.79,1789.0,39.7,60.4,78.5,34.7,28.0,42755.57
maize,5.4,526.5,28.9,58.3,73.3,51.7,33.4,2878.31
sugarcane,6.53,1676.8,37.7,71.5,132.9,50.9,75.4,67900.06
cotton,7.15,530.7,32.6,61.5,146.9,19.0,58.4,1713.81
rice,5.28,1061.6,30.8,39.8,115.8,20.3,35.6,2189.7
cotton,6.95,887.6,31.2,79.3,120.3,17.9,34.1,1615.8
wheat,5.96,401.5,15.5,75.1,107.5,60.6,77.5,3263.59
wheat,5.25,440.8,15.0,50.6,112.4,49.6,38.9,2189.39
sugarcane,6.88,1211.7,31.1,73.6,129.3,22.4,115.6,71375.39
cotton,6.5,835.7,30.1,51.7,105.1,81.3,57.2,2271.52
rice,7.12,1216.4,31.4,53.8,125.5,48.9,68.0,5000.81
maize,6.98,872.2,25.6,63.2,123.4,85.8,38.0,5227.51
rice,6.51,1446.5,33.1,60.7,178.6,50.6,34.1,4471.74
maize,7.01,920.6,24.6,46.9,100.4,50.4,15.0,4047.36
wheat,6.65,475.6,18.5,66.3,75.1,40.2,78.1,3013.04
wheat,7.09,436.0,20.4,77.9,86.9,48.1,46.7,3152.43
wheat,5.47,395.0,22.3,68.8,107.5,62.0,69.1,3375.31
cotton,6.77,666.8,40.4,64.2,86.5,34.5,55.0,1523.59
cotton,6.89,620.4,21.6,55.3,125.9,64.3,60.2,2481.12
wheat,6.06,563.9,21.5,97.9,114.9,42.9,32.2,2545.88
sugarcane,6.88,1112.8,33.0,50.0,143.7,62.3,62.0,80079.83
rice,7.51,978.1,24.1,67.9,34.4,67.2,79.4,3202.04
sugarcane,5.88,1848.1,31.7,74.8,126.0,55.6,46.8,51653.26
wheat,7.53,385.4,12.7,71.4,89.5,60.8,48.8,2753.71
maize,6.14,855.3,20.1,58.3,60.2,41.2,45.5,3258.26
sugarcane,6.93,2036.5,24.9,92.6,102.8,43.4,72.2,61096.76
sugarcane,6.68,1523.4,27.8,79.2,97.2,24.3,84.1,56246.29
maize,5.55,771.9,23.6,76.8,79.0,31.1,15.0,2713.78
maize,7.22,885.7,33.9,58.3,87.5,44.5,21.5,3323.56
wheat,5.69,495.8,16.1,69.8,77.5,32.9,37.0,2086.12
cotton,7.39,904.3,32.4,85.8,97.9,33.5,39.4,1613.8
maize,6.66,815.2,23.4,79.4,132.4,33.2,77.6,5655.58
cotton,7.74,741.7,24.2,49.7,96.4,58.6,91.5,2135.09
rice,7.37,626.3,30.1,65.6,153.1,44.4,91.0,4472.87
rice,6.48,1015.1,30.4,67.6,79.1,75.5,56.1,3981.38
maize,6.95,850.6,16.6,49.6,99.3,55.3,64.8,4659.73
maize,6.14,519.8,24.3,74.7,99.8,10.0,69.9,3222.05
rice,7.34,1213.0,24.9,68.8,85.9,85.2,51.8,4051.54
wheat,6.96,490.9,23.0,44.4,101.2,55.5,69.8,3739.48
maize,6.25,629.3,29.7,98.0,85.4,60.6,28.9,4286.96
maize,5.94,789.5,24.9,68.4,177.5,45.2,69.2,5742.63
wheat,7.1,542.5,21.7,86.5,91.4,45.3,34.4,2915.44
rice,6.17,1626.3,28.9,58.9,84.6,72.2,68.9,4049.15
rice,5.7,863.8,37.5,59.5,91.8,46.4,33.8,2527.13
cotton,7.32,844.6,23.3,72.6,100.8,66.4,53.3,2057.77
cotton,7.68,834.3,32.4,66.4,73.8,68.9,61.7,1941.2
cotton,6.43,641.8,34.1,89.5,53.6,50.9,39.5,1497.08
wheat,6.93,580.3,17.0,64.0,122.3,17.8,55.4,2986.51
rice,6.16,890.1,26.0,95.5,82.3,23.5,61.4,2974.18
rice,5.62,1201.6,27.6,73.2,90.3,23.1,54.7,2578.43
rice,6.29,1359.1,27.1,55.1,165.4,55.2,80.9,5039.8
cotton,7.63,533.5,29.4,70.2,122.3,69.8,50.6,2147.97
cotton,6.12,758.4,28.9,65.4,52.4,44.8,68.5,1769.01
maize,6.43,426.0,25.2,47.2,52.5,64.2,105.4,4995.0
wheat,5.93,604.2,19.2,72.0,137.1,36.7,46.5,3102.33
maize,6.49,845.0,31.5,64.0,110.2,53.3,30.3,4177.19
rice,6.03,807.3,25.2,87.0,140.3,50.2,45.1,4157.63
wheat,6.99,463.6,22.6,53.9,116.0,10.0,78.5,2882.38
sugarcane,7.22,1699.9,26.9,65.3,29.5,55.5,83.0,45798.14
cotton,6.37,642.7,25.1,57.4,102.0,48.0,48.7,2123.44
sugarcane,5.94,1412.6,36.9,88.6,154.7,10.0,34.0,41850.15
wheat,6.32,652.7,18.4,66.4,135.7,39.1,53.6,3290.68
wheat,6.55,585.6,27.0,75.9,140.0,64.9,39.7,3442.57
rice,5.51,1318.8,28.7,96.3,98.3,31.0,37.5,2650.5
rice,6.76,1358.2,24.4,63.6,99.5,18.5,39.7,3099.89
rice,7.63,1050.8,29.1,78.6,137.4,53.0,80.0,4708.26
wheat,7.2,593.8,21.2,79.1,38.2,50.6,59.4,2932.43
maize,6.62,630.4,27.1,56.5,143.3,48.0,59.8,6282.64
sugarcane,6.16,1744.8,32.3,82.5,67.9,63.0,15.0,43760.64
wheat,7.95,537.7,19.4,54.5,110.8,70.0,75.7,3731.09
maize,6.0,626.2,30.2,65.2,132.4,54.6,53.4,4986.82
rice,5.98,1188.2,27.7,81.1,132.8,48.9,59.4,3915.42
cotton,7.1,640.3,26.0,84.0,172.6,10.0,67.0,2098.45
cotton,6.53,654.6,30.2,69.1,90.6,31.3,57.0,1708.76
rice,6.56,960.0,31.9,89.3,114.3,64.5,79.2,4525.07
wheat,4.88,533.2,24.7,66.7,95.8,47.3,47.9,1736.28
sugarcane,6.04,1972.2,32.7,75.4,143.2,64.1,41.2,66830.3
cotton,6.47,750.8,23.5,57.2,127.9,61.9,42.6,2002.03
cotton,7.74,1009.1,23.9,77.4,125.4,27.2,35.4,1405.37
maize,7.96,608.8,20.6,65.0,76.3,44.1,68.8,3722.25
maize,7.99,1011.6,28.8,44.5,47.1,35.1,53.9,2728.61
wheat,8.19,662.8,13.8,89.1,151.8,39.9,61.1,2615.06
rice,6.73,1599.9,25.3,55.3,130.6,35.8,88.3,4502.14
cotton,6.49,495.1,29.6,78.0,89.2,38.4,77.2,1950.15
rice,6.19,1269.2,29.6,76.7,110.5,48.4,50.1,4001.06
wheat,7.3,333.6,18.4,76.7,115.5,26.7,63.0,2633.43
rice,7.31,969.6,29.7,67.1,109.8,27.9,18.5,2780.62
cotton,6.61,531.0,28.4,70.9,152.5,79.3,49.6,2460.37
sugarcane,6.37,1537.0,34.9,54.0,76.4,47.4,53.4,56536.87
sugarcane,6.72,1318.9,26.6,62.1,94.6,60.3,22.0,59370.58
sugarcane,6.45,1360.1,29.4,71.1,160.0,39.5,58.4,75754.4
rice,7.83,1443.6,25.1,46.4,119.6,47.7,79.6,4028.87
rice,6.63,1038.6,29.5,82.0,137.4,49.0,74.8,5340.37
rice,7.42,1378.6,26.4,73.8,130.3,59.0,40.3,4303.49
wheat,6.42,501.0,25.0,84.5,149.7,26.1,47.8,2988.84
rice,7.87,951.5,26.5,59.5,20.0,46.6,36.8,2282.53
maize,6.17,617.0,25.9,69.1,100.4,71.2,63.3,5687.53
wheat,6.95,414.3,20.8,69.6,118.1,46.3,29.5,2766.25
sugarcane,5.84,1331.8,24.3,56.1,109.2,50.9,40.7,53054.85
rice,6.61,1395.7,22.7,82.0,95.6,63.3,67.9,4049.39
rice,6.57,1203.5,24.6,79.0,87.2,43.2,84.6,4085.43
rice,6.4,1232.2,29.8,69.9,95.7,17.9,52.6,2957.81
sugarcane,7.36,1463.1,26.3,86.3,142.8,17.5,48.6,47675.39
cotton,6.94,643.6,20.1,48.8,65.6,26.3,56.7,1557.71
sugarcane,6.59,1050.8,29.8,77.3,156.0,62.3,61.7,89853.53
sugarcane,6.87,1485.0,29.0,88.0,20.0,44.7,79.0,48819.24
wheat,7.32,430.6,17.5,79.0,146.0,22.1,76.8,3551.24
