crop_type,soil_ph,nitrogen,phosphorus,potassium,moisture_pct,recommended_fertilizer
sugarcane,6.13,87.0,14.7,59.2,33.4,DAP
rice,5.81,173.6,41.9,46.7,62.0,NPK
rice,6.17,71.1,25.8,84.3,41.5,NPK
wheat,6.51,137.7,37.4,67.8,30.2,NPK
maize,6.16,136.5,36.6,53.6,90.3,NPK
sugarcane,6.33,103.5,5.0,51.1,47.2,DAP
cotton,7.05,62.8,70.5,65.5,60.8,NPK
rice,6.13,72.2,22.5,31.1,20.7,Compost
wheat,6.68,103.9,36.0,53.4,51.7,NPK
cotton,7.1,117.3,5.0,88.3,67.7,DAP
sugarcane,7.05,54.5,29.8,61.9,58.2,NPK
rice,6.11,154.2,53.3,38.5,61.3,NPK
rice,7.88,141.6,30.3,54.4,75.5,NPK
cotton,5.64,58.8,77.4,22.8,40.1,MOP
cotton,6.32,82.3,66.4,47.0,87.5,NPK
rice,6.74,103.8,40.2,40.1,39.1,NPK
wheat,6.52,89.7,68.3,38.4,31.0,NPK
cotton,7.21,82.3,19.5,79.6,43.6,DAP
maize,7.01,55.3,12.8,79.2,85.6,DAP
sugarcane,6.67,102.5,12.8,61.8,57.7,DAP
rice,5.51,94.7,5.0,109.6,23.0,Compost
wheat,6.4,200.0,23.2,92.5,56.5,DAP
cotton,6.48,105.0,61.2,81.1,63.3,NPK
rice,7.29,88.5,24.8,46.1,31.8,DAP
wheat,5.68,41.4,5.0,55.3,86.1,DAP
wheat,7.31,116.7,79.7,44.2,72.7,MOP
rice,6.89,95.8,51.6,87.8,59.2,NPK
maize,5.96,129.2,20.1,36.3,84.1,DAP
sugarcane,6.67,121.8,20.1,110.0,79.3,DAP
rice,6.04,168.3,83.0,110.0,69.4,NPK
wheat,8.46,128.9,26.3,78.6,45.8,Compost
cotton,7.31,111.3,30.6,93.9,27.1,NPK
cotton,7.35,140.3,35.9,58.0,53.1,NPK
sugarcane,5.06,70.5,44.1,36.5,43.6,Compost
rice,5.62,119.6,49.9,68.1,59.9,NPK
sugarcane,6.06,66.2,88.5,18.9,26.3,MOP
maize,5.55,70.1,39.9,79.1,36.4,Compost
rice,6.02,97.2,23.6,73.0,51.2,DAP
cotton,5.45,73.7,34.0,50.4,57.8,Compost
wheat,6.41,10.0,57.4,8.0,43.1,Compost
sugarcane,5.3,73.2,31.8,73.5,66.0,Compost
rice,6.64,90.2,22.2,46.9,62.7,DAP
sugarcane,5.52,123.2,12.4,70.4,63.4,Compost
sugarcane,6.67,99.1,59.9,8.0,64.5,MOP
wheat,6.87,105.0,40.8,43.6,76.7,NPK
cotton,6.44,139.1,32.7,41.9,47.0,NPK
maize,5.85,19.7,40.8,34.9,79.9,NPK
rice,6.89,134.0,28.9,32.7,35.2,NPK
maize,6.02,35.8,46.8,65.3,62.2,Urea
cotton,5.42,145.6,53.6,47.9,31.5,Compost
wheat,5.3,136.2,28.9,56.3,31.0,Compost
maize,5.55,165.9,33.4,24.5,70.9,Compost
rice,8.07,120.4,54.5,77.8,83.8,Compost
cotton,7.49,42.9,70.1,77.2,95.0,Urea
wheat,5.93,79.3,44.6,46.3,80.2,NPK
cotton,5.97,56.3,64.5,33.1,22.2,Compost
cotton,6.89,60.3,44.1,30.0,66.0,NPK
cotton,6.42,93.4,8.1,50.3,49.7,DAP
cotton,5.74,136.3,25.3,69.5,92.5,NPK
wheat,6.52,62.8,77.0,22.3,52.7,MOP
wheat,8.43,28.2,43.8,53.3,66.8,Compost
sugarcane,5.69,133.7,75.5,75.6,59.4,NPK
wheat,7.33,63.2,48.0,73.3,59.9,NPK
rice,5.94,42.3,31.8,57.0,28.3,Urea
cotton,6.9,108.2,59.7,41.8,64.2,NPK
wheat,7.91,88.0,66.9,8.0,91.3,MOP
cotton,4.6,14.0,50.6,54.7,54.0,Compost
maize,6.35,122.7,78.5,51.6,26.9,NPK
maize,5.07,157.1,51.7,85.8,67.6,Compost
wheat,7.08,61.1,24.1,24.6,25.3,MOP
maize,6.7,163.0,61.5,40.6,79.1,Urea
sugarcane,5.87,94.5,17.3,12.1,39.4,MOP
wheat,6.69,118.1,49.4,64.1,39.6,NPK
maize,6.39,173.1,63.0,73.7,53.1,NPK
wheat,7.39,133.6,61.3,49.0,67.0,NPK
wheat,5.47,131.4,77.8,48.3,53.8,Compost
maize,6.19,94.8,8.8,53.2,32.8,DAP
cotton,6.91,152.8,30.0,61.4,50.4,NPK
sugarcane,6.43,48.4,36.0,70.6,30.0,Urea
cotton,6.62,86.9,24.2,24.2,46.4,MOP
rice,6.75,72.9,62.3,78.9,69.0,NPK
maize,6.24,101.2,48.5,52.2,95.0,NPK
cotton,6.31,68.4,39.9,35.7,72.1,NPK
sugarcane,5.64,98.5,75.6,23.3,70.7,MOP
wheat,6.97,147.1,5.0,28.7,73.3,MOP
wheat,5.89,117.4,67.4,15.7,20.6,Compost
sugarcane,6.67,55.1,22.1,21.4,41.3,MOP
rice,4.76,128.8,25.1,25.8,28.4,Compost
sugarcane,6.84,64.0,44.6,33.9,67.1,NPK
cotton,6.58,91.8,49.6,76.4,70.3,Urea
sugarcane,6.98,79.9,72.1,29.8,40.9,MOP
sugarcane,7.86,81.3,44.5,54.7,72.6,NPK
wheat,7.11,112.0,13.5,8.0,58.2,MOP
wheat,6.85,41.3,51.2,29.2,69.9,NPK
rice,6.23,44.7,44.0,43.3,75.9,Urea
cotton,6.37,92.4,100.0,27.8,22.1,Compost
maize,7.28,71.9,21.8,17.2,73.2,MOP
maize,5.66,77.9,30.8,40.3,61.6,NPK
rice,6.16,74.9,66.6,48.0,45.5,NPK
sugarcane,7.42,107.8,24.4,14.7,50.0,MOP
rice,5.62,87.6,22.9,60.8,46.0,DAP
cotton,6.2,64.3,46.8,14.4,55.9,MOP
rice,5.56,122.5,20.9,46.3,37.4,Compost
wheat,6.8,171.3,23.6,72.6,57.6,DAP
cotton,6.6,66.2,69.6,59.8,73.7,NPK
maize,7.37,102.2,5.0,8.0,52.5,MOP
sugarcane,7.61,145.3,5.0,35.1,54.0,DAP
maize,7.31,55.4,38.6,25.9,23.0,Urea
cotton,6.08,50.3,73.7,71.7,53.5,Urea
sugarcane,7.72,10.0,22.4,8.0,82.8,NPK
rice,6.28,100.3,17.8,38.1,46.3,DAP
wheat,6.96,58.3,19.3,32.5,61.2,NPK
wheat,7.46,121.5,58.6,42.3,69.2,NPK
sugarcane,7.45,57.3,58.9,41.4,40.9,NPK
wheat,7.2,97.0,50.4,52.4,47.3,NPK
sugarcane,5.35,74.1,52.6,64.2,35.9,Compost
cotton,7.53,116.4,38.0,15.2,24.2,Compost
sugarcane,6.21,60.8,16.8,71.5,50.6,DAP
rice,5.78,53.1,23.2,59.9,72.7,Urea
cotton,8.37,63.9,14.2,56.4,27.8,Compost
maize,6.68,40.9,40.4,8.0,35.4,NPK
sugarcane,6.92,10.0,60.6,65.4,85.7,Urea
rice,6.68,86.9,57.1,55.0,53.5,NPK
cotton,6.01,111.8,65.2,31.9,52.3,NPK
cotton,5.95,126.8,73.6,88.3,44.4,NPK
wheat,6.32,53.6,47.1,71.7,46.2,Urea
sugarcane,5.65,35.8,15.7,45.1,60.4,DAP
sugarcane,7.69,43.5,28.2,20.1,52.0,NPK
wheat,6.76,19.8,24.8,18.7,69.1,NPK
cotton,7.63,70.0,55.6,48.6,51.3,NPK
cotton,5.3,127.6,67.9,61.4,75.5,Compost
maize,6.9,106.4,60.8,44.3,46.1,NPK
cotton,7.49,97.6,55.1,86.5,60.1,NPK
cotton,5.16,10.0,20.3,44.7,38.0,Compost
sugarcane,5.63,88.7,42.4,110.0,45.0,NPK
sugarcane,4.6,104.0,50.6,43.3,49.4,Compost
sugarcane,6.07,88.5,58.4,57.7,49.7,Urea
cotton,5.77,142.5,35.8,8.0,21.9,Compost
cotton,6.87,115.1,25.6,99.8,70.1,NPK
maize,6.01,83.0,66.3,69.6,21.6,Compost
wheat,6.14,52.0,44.8,57.0,61.8,Urea
maize,7.24,200.0,86.7,24.0,62.3,MOP
cotton,5.44,114.4,43.8,62.8,33.3,Compost
wheat,5.7,132.6,48.0,32.4,60.5,NPK
cotton,5.85,49.5,22.6,13.1,34.8,NPK
cotton,6.1,154.6,36.9,43.2,34.4,NPK
wheat,6.69,138.5,18.9,78.1,34.5,DAP
maize,6.77,108.4,26.3,59.7,74.3,NPK
wheat,6.58,92.7,64.7,8.0,59.7,MOP
rice,6.0,32.0,65.6,39.5,49.3,Urea
wheat,5.88,62.2,5.0,59.9,62.8,DAP
wheat,5.92,135.2,14.9,45.0,62.9,DAP
sugarcane,6.73,90.6,11.5,42.1,55.3,DAP
rice,5.74,29.1,71.4,39.2,48.6,Urea
sugarcane,6.97,12.3,9.1,51.1,26.5,DAP
wheat,5.82,95.3,25.5,8.0,33.4,MOP
sugarcane,6.97,107.6,24.9,8.0,42.3,MOP
sugarcane,6.81,63.5,50.9,72.4,40.3,NPK
sugarcane,5.18,123.5,81.4,63.3,39.2,Compost
maize,6.16,76.7,66.3,25.3,68.2,MOP
maize,5.52,26.8,52.2,53.4,44.7,Compost
wheat,7.88,35.0,42.9,20.6,64.4,NPK
rice,6.3,81.3,64.1,8.0,27.2,MOP
sugarcane,5.39,110.7,50.9,49.0,53.5,Compost
rice,7.55,57.8,31.9,24.3,29.2,MOP
cotton,6.8,99.3,11.7,47.7,54.2,DAP
rice,6.26,89.0,37.6,26.2,59.2,MOP
wheat,5.49,103.4,71.0,68.3,40.3,Compost
rice,7.3,77.7,49.9,57.6,32.1,NPK
wheat,5.98,92.5,56.6,8.0,56.3,MOP
maize,7.42,30.0,89.4,78.2,59.8,Urea
rice,6.72,75.8,55.8,63.2,61.1,NPK
maize,7.51,107.4,26.2,42.7,45.2,NPK
maize,6.03,74.7,20.2,16.4,72.9,MOP
maize,5.99,87.2,63.0,55.6,69.0,NPK
maize,6.32,76.1,32.9,82.6,48.5,NPK
sugarcane,6.81,149.4,19.0,46.5,62.1,DAP
maize,5.14,76.4,42.3,31.1,88.2,Compost
rice,7.33,66.6,89.1,50.3,73.2,NPK
wheat,5.79,20.0,5.0,58.7,49.7,DAP
maize,6.43,96.8,29.2,78.4,35.5,NPK
rice,5.79,66.7,43.5,80.9,66.0,NPK
cotton,7.51,71.6,5.0,19.9,67.3,MOP
wheat,5.67,156.1,56.6,8.0,52.0,MOP
wheat,5.19,91.9,32.9,71.2,35.6,Compost
rice,4.95,89.5,45.7,40.6,84.0,Compost
sugarcane,5.57,150.7,79.5,50.5,24.8,Compost
wheat,6.68,58.1,20.8,38.0,72.8,DAP
sugarcane,5.51,102.4,26.9,16.1,35.4,Compost
cotton,7.1,40.6,32.0,61.6,27.6,Urea
maize,6.79,81.4,57.5,58.9,58.3,NPK
cotton,5.87,98.1,62.0,65.9,55.2,NPK
sugarcane,5.17,113.4,66.2,53.3,25.2,Urea
sugarcane,6.36,116.5,30.7,60.8,64.0,NPK
wheat,6.62,91.6,32.8,84.3,72.9,NPK
wheat,8.34,34.1,66.2,38.0,95.0,Compost
cotton,6.82,84.0,17.4,66.8,72.5,DAP
sugarcane,4.93,50.8,36.3,44.7,20.8,Compost
wheat,6.34,46.3,47.9,40.0,34.6,Urea
sugarcane,6.14,84.4,44.5,72.0,83.7,NPK
wheat,6.46,83.5,30.0,43.6,65.9,NPK
wheat,6.84,29.7,52.6,71.9,40.5,Urea
wheat,6.54,53.8,36.8,62.9,37.8,Urea
maize,6.03,200.0,27.3,26.8,54.3,MOP
maize,5.49,200.0,56.5,78.5,28.9,Compost
cotton,6.05,65.9,42.9,97.9,47.5,NPK
cotton,6.59,130.5,49.3,26.3,71.7,MOP
wheat,5.94,114.3,54.0,25.2,23.9,Compost
sugarcane,7.89,23.0,5.0,53.8,37.0,DAP
cotton,5.56,48.9,27.0,36.3,50.4,Compost
maize,6.58,91.1,28.0,84.6,47.7,NPK
maize,5.48,59.6,43.9,46.6,40.2,Compost
rice,6.69,129.5,48.6,45.4,52.9,NPK
sugarcane,6.06,17.0,54.2,8.5,55.9,NPK
rice,7.58,32.4,42.9,57.0,74.4,Urea
rice,7.68,120.1,41.5,98.2,15.0,Compost
cotton,8.04,105.6,69.0,28.3,59.2,Compost
cotton,6.53,75.6,38.3,43.3,38.3,NPK
cotton,5.91,59.2,15.4,88.0,59.3,DAP
maize,6.92,10.0,23.7,56.0,60.8,DAP
rice,5.72,39.1,40.4,46.8,63.1,Urea
wheat,5.96,148.5,37.3,53.5,72.9,NPK
rice,7.26,67.9,64.8,38.4,61.7,NPK
maize,6.37,10.0,21.9,55.5,73.1,DAP
rice,7.02,112.3,53.2,50.4,95.0,NPK
sugarcane,6.64,78.6,41.8,54.8,45.5,NPK
cotton,5.53,70.6,26.0,8.0,51.9,Compost
cotton,5.68,56.2,69.1,10.9,68.4,MOP
maize,7.64,157.1,47.9,56.9,82.7,NPK
wheat,5.16,29.5,100.0,11.8,55.6,Compost
rice,5.54,100.7,33.3,49.9,64.5,Compost
maize,6.26,133.1,47.9,48.9,59.3,NPK
maize,4.6,67.1,75.9,86.2,51.5,Compost
rice,7.38,139.9,41.5,55.2,36.0,NPK
cotton,7.39,69.2,32.0,21.4,34.5,MOP
sugarcane,6.46,96.1,21.5,35.6,39.2,DAP
cotton,6.89,127.6,51.2,57.4,76.1,NPK
sugarcane,6.02,131.8,31.0,48.3,57.7,NPK
rice,5.61,92.9,46.7,33.9,32.0,NPK
cotton,6.85,109.9,53.5,52.2,42.9,NPK
sugarcane,7.96,179.0,23.2,38.0,58.0,DAP
cotton,6.74,57.3,35.6,47.3,56.0,NPK
wheat,7.51,105.8,47.6,21.7,58.0,MOP
wheat,7.21,137.6,24.6,55.8,39.7,DAP
wheat,7.42,55.3,27.0,55.6,64.5,NPK
sugarcane,7.08,81.8,5.0,22.7,41.6,MOP
cotton,5.89,102.9,51.5,10.2,31.4,MOP
maize,6.54,37.3,94.1,85.4,58.9,Urea
wheat,5.91,79.5,40.6,25.6,25.0,MOP
cotton,5.8,88.5,32.4,59.2,74.0,NPK
wheat,6.39,110.2,36.6,47.0,54.0,NPK
wheat,7.05,93.2,35.2,25.2,23.1,Compost
wheat,6.03,18.8,56.3,8.0,47.1,NPK
rice,6.52,121.8,72.6,44.3,51.0,MOP
maize,6.65,73.8,9.9,52.0,44.9,DAP
wheat,7.55,193.6,16.2,8.3,30.6,MOP
rice,6.95,83.8,5.0,53.3,51.7,DAP
cotton,6.36,92.5,28.8,45.4,36.1,NPK
wheat,7.71,10.0,46.2,15.8,64.5,NPK
cotton,7.23,110.2,68.4,104.0,20.4,Compost
sugarcane,6.3,189.5,23.8,79.5,17.9,Compost
rice,6.6,130.7,17.6,85.9,37.4,DAP
maize,5.67,40.8,43.8,58.4,21.3,Compost
maize,6.29,88.6,61.8,61.7,48.9,NPK
cotton,5.94,34.3,19.3,38.7,45.8,DAP
cotton,7.51,104.2,86.4,15.4,44.0,Urea
wheat,6.51,168.7,5.0,38.2,32.2,DAP
maize,5.64,23.6,43.9,76.9,48.2,Urea
sugarcane,6.86,123.1,34.4,74.0,59.9,NPK
maize,7.34,117.0,32.6,106.9,51.1,NPK
sugarcane,5.28,48.2,62.8,33.0,22.7,Compost
cotton,6.79,120.6,25.2,41.4,66.4,NPK
wheat,6.84,129.8,37.4,57.6,56.2,NPK
wheat,5.93,137.1,68.3,30.2,95.0,NPK
wheat,6.69,14.5,18.8,52.7,28.9,DAP
maize,6.54,44.5,46.2,8.0,64.8,NPK
rice,6.84,91.4,44.7,8.0,35.7,MOP
rice,6.16,73.5,63.2,72.6,42.1,NPK
wheat,6.91,166.8,12.8,29.7,56.0,MOP
rice,7.28,79.8,44.2,44.7,62.4,NPK
cotton,7.55,45.0,24.8,52.6,48.2,DAP
wheat,6.55,109.7,61.1,84.5,69.9,NPK
rice,6.05,140.6,17.1,27.4,67.4,MOP
sugarcane,6.1,155.1,24.8,47.2,54.8,DAP
sugarcane,7.12,66.0,28.8,37.9,63.4,NPK
rice,6.23,115.1,29.1,63.5,62.1,NPK
cotton,6.75,125.2,29.0,67.5,51.6,NPK
cotton,6.12,93.5,44.4,19.7,45.0,MOP
cotton,6.7,77.4,6.4,15.0,51.5,MOP
maize,5.4,34.2,53.9,56.3,36.3,Compost
wheat,4.79,149.2,53.1,26.2,69.2,Compost
wheat,8.63,134.1,42.9,67.8,57.6,Compost
maize,6.49,129.6,9.3,8.0,67.2,MOP
cotton,6.18,82.4,18.4,32.3,44.8,DAP
rice,6.94,98.6,35.9,40.8,74.7,NPK
maize,6.93,36.3,27.4,47.9,65.2,NPK
cotton,7.03,128.6,41.8,34.9,47.0,Compost
rice,5.86,35.2,52.3,24.4,48.3,NPK
rice,6.33,163.3,5.0,40.8,22.4,Compost
sugarcane,7.35,42.9,5.0,60.3,60.9,DAP
sugarcane,6.46,45.0,63.9,49.3,48.5,Urea
wheat,6.98,61.9,40.5,50.4,41.7,NPK
sugarcane,7.44,80.1,72.6,45.6,15.0,Compost
rice,6.99,53.3,5.0,21.8,56.8,MOP
sugarcane,6.97,146.5,5.0,81.5,23.4,Compost
maize,7.18,84.8,41.0,66.6,50.1,NPK
maize,7.73,104.1,48.0,38.1,46.6,NPK
sugarcane,6.43,77.6,63.6,44.7,67.6,NPK
sugarcane,5.75,108.2,60.7,29.5,56.2,MOP
maize,5.8,116.4,42.4,33.7,82.5,NPK
rice,6.63,119.0,78.5,8.0,57.7,MOP
rice,6.44,26.8,54.1,55.5,50.5,Urea
maize,5.41,53.5,60.9,104.6,64.9,Compost
maize,6.26,142.5,5.0,73.0,49.1,DAP
rice,7.5,193.5,5.0,64.7,66.5,DAP
maize,6.18,17.1,44.4,50.4,70.2,Urea
sugarcane,8.09,92.9,14.2,31.6,15.0,Compost
cotton,4.99,29.6,33.7,96.3,52.4,Compost
rice,7.35,91.0,51.2,91.0,45.7,NPK
maize,7.09,80.1,14.7,23.0,25.9,MOP
sugarcane,6.8,146.7,27.8,60.6,35.9,DAP
sugarcane,6.0,97.4,20.8,21.3,67.7,MOP
sugarcane,6.64,81.1,58.7,49.1,90.9,NPK
rice,5.72,134.7,70.4,8.0,56.7,MOP
wheat,8.2,22.2,37.5,103.0,43.8,Compost
wheat,5.13,94.0,26.3,15.8,46.1,Compost
maize,6.64,131.6,27.1,54.9,95.0,NPK
rice,6.12,77.5,30.1,64.3,36.3,NPK
cotton,4.83,10.0,26.0,70.8,43.1,Compost
maize,6.36,93.6,44.2,44.6,32.1,NPK
maize,6.64,123.4,54.0,35.9,39.0,NPK
cotton,6.16,27.2,51.8,29.5,42.3,NPK
cotton,6.13,144.8,65.4,34.1,91.8,NPK
maize,6.12,88.1,46.3,61.5,21.8,NPK
maize,6.72,185.4,65.4,72.5,65.5,NPK
cotton,5.12,150.2,35.3,84.6,69.3,Compost
rice,6.86,50.8,54.4,42.0,45.4,Urea
cotton,6.03,83.5,71.6,8.0,55.4,MOP
maize,6.0,82.0,53.5,57.4,45.0,NPK
rice,7.09,83.9,46.6,23.0,82.5,MOP
sugarcane,6.32,83.9,85.7,26.3,54.0,MOP
wheat,6.41,39.1,41.1,61.4,95.0,Urea
sugarcane,5.07,163.1,5.0,70.8,56.6,Compost
wheat,8.12,78.1,48.8,43.6,43.5,Compost
wheat,7.72,84.6,25.3,43.0,55.3,NPK
rice,6.91,135.9,33.2,27.9,29.5,MOP
rice,6.13,27.8,5.0,8.0,23.8,Compost
sugarcane,7.87,116.6,47.5,29.6,53.4,MOP
maize,5.98,76.5,38.3,55.4,38.6,NPK
sugarcane,6.07,105.0,48.0,47.1,58.1,NPK
maize,6.41,132.3,49.5,64.3,32.0,NPK
cotton,6.8,103.1,22.7,70.0,17.3,Compost
sugarcane,5.79,104.5,58.4,38.4,26.7,NPK
rice,6.21,101.1,72.8,82.4,44.0,NPK
rice,7.22,74.1,30.7,70.5,43.7,NPK
wheat,6.86,10.0,5.0,34.0,49.5,NPK
wheat,5.78,77.5,5.0,44.6,25.7,DAP
cotton,6.93,71.4,78.2,81.3,62.5,NPK
sugarcane,5.43,48.4,42.4,63.2,62.4,Compost
rice,6.97,112.6,17.8,49.3,86.6,DAP
maize,7.25,156.3,38.5,13.1,36.3,MOP
wheat,7.67,101.6,5.0,80.0,29.3,DAP
sugarcane,5.89,10.0,32.3,46.6,40.3,Urea
cotton,5.98,87.0,22.5,21.0,49.1,MOP
maize,6.02,74.9,77.0,20.3,26.8,Urea
rice,6.49,121.9,54.7,44.3,39.8,NPK
sugarcane,5.38,140.5,48.6,59.0,50.1,Compost
maize,6.49,82.4,16.6,23.3,81.4,Compost
cotton,7.79,67.2,56.8,38.9,67.8,NPK
sugarcane,7.22,98.9,12.1,17.4,93.3,MOP
rice,6.13,50.4,27.8,27.4,15.6,Compost
cotton,5.63,51.3,13.2,21.7,52.7,MOP
wheat,6.66,108.7,5.0,77.2,50.1,DAP
rice,6.41,115.8,56.1,87.3,48.1,NPK
maize,5.53,70.1,35.2,24.7,66.1,Compost
wheat,6.74,157.5,27.4,56.4,24.2,Compost
wheat,5.99,91.9,25.6,71.6,62.5,NPK
sugarcane,6.28,168.3,38.8,51.5,25.8,NPK
sugarcane,7.06,31.9,31.2,97.5,23.8,Compost
sugarcane,6.24,136.4,5.0,8.0,20.5,Compost
cotton,6.55,105.3,27.6,8.0,62.6,MOP
sugarcane,6.77,132.8,5.0,11.6,23.0,Compost
wheat,5.67,61.4,74.1,40.5,55.5,NPK
maize,6.68,61.4,48.9,21.3,80.0,MOP
maize,8.14,92.7,58.4,37.8,52.3,Compost
sugarcane,5.9,63.9,36.2,38.5,55.6,NPK
sugarcane,7.41,113.0,43.9,56.7,80.4,NPK
cotton,6.3,157.1,50.9,57.8,50.4,NPK
maize,6.89,76.7,17.7,8.0,73.8,MOP
rice,7.84,147.2,63.2,64.4,69.3,NPK
rice,5.69,10.0,60.7,53.6,41.3,Urea
maize,7.04,197.1,72.5,40.9,27.5,NPK
maize,5.75,83.2,60.4,50.5,15.0,Compost
rice,6.85,10.0,22.8,17.4,50.3,NPK
rice,6.91,110.3,61.9,47.4,45.5,NPK
sugarcane,5.58,73.3,39.2,8.0,67.0,Compost
cotton,6.77,134.9,25.4,39.8,37.9,NPK
cotton,7.08,103.2,50.2,58.7,64.4,NPK
wheat,7.16,122.2,21.6,46.5,47.1,DAP
wheat,7.05,169.1,29.0,96.5,85.6,NPK
rice,7.31,24.9,5.0,44.2,42.5,DAP
rice,5.35,145.2,45.2,54.4,47.8,Compost
cotton,7.28,47.8,45.0,52.2,52.8,Urea
maize,6.39,166.0,17.8,65.3,46.4,DAP
maize,6.96,149.2,5.0,38.1,63.1,DAP
maize,6.03,139.2,27.8,58.6,62.6,NPK
sugarcane,7.38,10.0,16.1,64.3,55.0,DAP
maize,7.96,111.9,64.8,51.3,82.4,NPK
wheat,6.28,108.3,36.4,55.5,45.0,NPK
cotton,5.8,76.9,31.2,26.2,35.0,MOP
rice,6.25,95.9,50.3,37.4,56.8,DAP
cotton,7.35,80.6,37.9,88.1,45.0,NPK
cotton,6.07,162.1,34.1,66.7,72.3,NPK
sugarcane,6.96,48.1,13.4,78.8,39.9,DAP
maize,7.47,130.0,12.7,32.4,36.7,NPK
maize,5.47,60.7,50.7,31.7,77.9,Compost
cotton,7.63,97.0,24.7,23.9,49.3,MOP
cotton,7.15,120.2,74.5,54.3,60.1,NPK
wheat,6.17,65.5,26.0,96.0,30.2,NPK
cotton,6.14,100.2,25.2,32.1,45.5,NPK
sugarcane,5.94,10.0,64.2,76.5,33.0,Urea
rice,5.89,134.8,51.3,18.8,70.0,MOP
cotton,6.25,34.5,41.4,68.1,25.4,Urea
wheat,7.86,61.0,57.5,59.0,45.3,Urea
rice,6.48,80.8,9.6,81.9,39.1,DAP
rice,6.57,78.4,58.5,28.5,73.6,MOP
sugarcane,6.29,46.3,31.4,36.5,42.3,Urea
sugarcane,5.8,126.5,22.0,8.0,36.3,MOP
rice,6.62,95.0,50.0,41.3,41.6,NPK
rice,6.69,81.5,35.8,45.3,49.6,Compost
maize,6.87,96.4,60.3,50.0,46.8,NPK
cotton,6.91,21.2,60.6,43.6,62.8,Urea
wheat,6.74,105.8,9.1,69.0,39.1,DAP
rice,7.31,120.8,30.3,62.1,70.9,NPK
sugarcane,5.25,103.9,77.6,40.0,61.1,Compost
rice,5.88,50.0,9.9,30.8,64.3,NPK
wheat,6.33,186.2,44.8,64.3,49.6,NPK
cotton,6.03,92.8,47.7,37.4,75.5,NPK
cotton,7.67,144.3,95.1,53.3,53.6,NPK
wheat,7.33,75.1,19.5,65.0,22.2,Compost
maize,7.35,173.9,49.1,95.0,39.0,NPK
wheat,6.79,115.0,40.6,33.8,55.4,NPK
wheat,6.61,123.1,27.7,52.2,23.1,Compost
wheat,6.35,82.7,25.6,58.2,19.0,Compost
maize,6.33,45.7,37.9,59.0,35.7,Urea
cotton,6.81,115.5,33.6,25.9,15.0,Compost
rice,8.39,78.0,58.0,24.0,67.3,Compost
rice,5.96,174.7,63.1,65.7,33.5,NPK
maize,7.05,57.3,42.5,59.0,65.3,NPK
cotton,6.63,95.6,5.0,12.3,42.0,MOP
maize,7.29,86.0,67.6,78.4,78.0,NPK
maize,5.8,64.9,15.0,54.6,95.0,DAP
rice,6.34,106.8,28.4,35.1,58.5,NPK
cotton,6.92,64.0,42.5,44.3,27.2,NPK
rice,6.6,43.2,39.0,50.7,55.7,Urea
cotton,5.87,82.8,40.6,21.3,29.4,MOP
wheat,7.25,101.9,47.3,58.1,59.3,NPK
maize,5.41,82.5,38.6,38.6,79.4,Compost
wheat,5.46,80.1,41.5,23.2,58.2,Compost
maize,7.61,29.3,27.0,58.7,44.7,NPK
sugarcane,6.97,150.0,58.5,78.1,48.4,NPK
rice,5.4,168.2,38.6,8.0,45.3,Compost
wheat,5.52,99.0,22.6,39.1,15.0,Compost
maize,6.43,84.3,68.8,57.0,35.9,NPK
maize,7.27,64.9,38.3,36.9,49.0,NPK
sugarcane,5.95,134.3,77.5,46.6,80.0,NPK
wheat,7.09,10.0,48.7,45.8,60.3,Urea
maize,5.16,28.5,61.3,49.8,64.8,Compost
sugarcane,7.31,93.3,22.9,65.6,46.7,DAP
sugarcane,5.85,47.4,14.7,21.1,32.6,NPK
sugarcane,5.46,141.9,54.3,47.4,29.6,Compost
cotton,5.76,136.2,77.3,52.4,41.7,NPK
maize,5.83,109.8,61.7,23.4,34.1,MOP
sugarcane,7.02,133.1,66.2,61.2,76.0,NPK
wheat,5.68,66.0,45.9,27.8,60.5,MOP
rice,6.4,70.2,36.3,55.2,58.4,NPK
sugarcane,6.02,89.7,25.4,43.5,79.3,NPK
cotton,7.76,143.0,5.0,25.5,55.0,MOP
wheat,4.6,88.8,47.1,17.7,40.7,Compost
wheat,5.19,83.1,58.2,21.0,53.2,Compost
cotton,6.63,44.8,40.1,43.8,75.8,Urea
cotton,6.91,78.1,81.3,90.0,33.7,NPK
sugarcane,5.75,190.7,44.4,36.0,62.4,NPK
wheat,6.66,85.5,35.5,45.6,46.0,NPK
cotton,7.03,83.4,14.5,77.6,83.9,DAP
sugarcane,6.95,172.2,35.2,60.4,66.5,NPK
rice,5.77,27.7,27.7,35.3,35.4,NPK
wheat,7.01,58.0,36.1,55.0,42.1,NPK
rice,6.75,105.5,89.4,9.3,39.1,MOP
maize,6.22,89.3,5.0,50.4,57.1,DAP
rice,7.4,131.6,54.3,15.8,33.7,MOP
wheat,5.73,169.2,29.3,8.0,34.0,MOP
rice,7.54,86.7,49.6,29.1,54.5,MOP
cotton,7.49,97.9,48.3,53.3,43.0,Compost
cotton,5.53,68.3,33.5,70.1,65.9,Compost
cotton,6.5,73.8,49.0,62.8,44.7,NPK
sugarcane,6.96,42.7,36.8,74.5,30.3,Urea
cotton,6.08,110.9,34.2,27.9,23.0,DAP
wheat,4.69,88.4,26.1,67.0,95.0,Compost
cotton,7.24,156.9,24.3,16.4,40.8,MOP
rice,6.12,17.3,45.2,48.8,50.7,Urea
cotton,7.44,102.9,40.1,85.5,61.0,NPK
cotton,8.79,178.0,30.2,13.1,38.5,Compost
wheat,6.98,72.7,54.9,85.1,33.9,NPK
sugarcane,6.73,68.0,24.2,29.5,37.7,MOP
wheat,5.87,91.7,59.5,65.3,42.0,NPK
maize,7.19,10.0,39.3,10.4,40.5,NPK
wheat,6.48,98.2,5.9,55.1,68.7,DAP
sugarcane,6.09,98.4,8.4,9.7,60.1,MOP
maize,5.62,98.9,11.6,31.2,69.0,NPK
sugarcane,6.37,72.2,5.0,70.6,26.9,DAP
sugarcane,5.5,70.7,61.3,57.1,47.6,Compost
sugarcane,7.61,192.7,12.1,19.2,62.9,MOP
maize,6.2,126.3,13.4,37.5,60.2,DAP
maize,7.34,122.7,79.2,50.5,43.0,NPK
sugarcane,5.53,57.4,39.6,48.1,29.6,Compost
cotton,6.27,138.6,20.1,57.0,42.8,Urea
maize,5.25,151.9,46.7,8.0,71.9,Compost
rice,5.93,102.5,64.4,8.0,32.9,MOP
wheat,7.01,42.4,58.5,55.7,42.8,Urea
cotton,6.46,63.7,43.2,8.0,61.5,Urea
wheat,6.7,60.8,5.0,61.9,45.3,DAP
cotton,5.8,59.2,36.4,69.3,68.7,NPK
rice,7.85,69.9,37.9,50.5,30.6,NPK
wheat,7.92,66.6,55.9,67.5,20.5,Compost
cotton,5.71,108.7,52.6,37.5,25.3,NPK
sugarcane,7.95,98.5,11.5,21.3,66.0,MOP
maize,6.07,179.7,25.6,45.1,44.3,NPK
rice,6.64,119.7,47.3,60.2,41.1,NPK
wheat,7.52,68.7,30.8,57.7,48.8,NPK
wheat,5.76,105.2,80.7,41.2,37.4,NPK
sugarcane,7.03,92.2,85.6,57.4,32.3,NPK
sugarcane,7.18,66.7,57.3,79.7,75.3,NPK
sugarcane,6.4,161.5,55.5,65.3,39.0,NPK
cotton,7.2,36.8,5.0,79.4,85.3,DAP
rice,6.28,59.0,56.5,60.2,56.9,NPK
cotton,6.37,92.6,55.1,67.5,77.7,NPK
cotton,5.81,14.2,40.4,29.7,58.0,NPK
sugarcane,7.52,103.6,37.0,30.4,51.3,NPK
maize,6.82,77.8,13.9,39.2,42.3,DAP
rice,7.31,88.0,36.8,63.8,78.4,NPK
maize,4.61,65.8,54.1,47.0,25.7,Compost
maize,7.09,126.8,54.1,53.8,91.2,NPK
cotton,6.41,47.5,90.9,14.2,35.3,NPK
rice,6.48,60.8,31.3,35.7,26.7,NPK
wheat,4.6,176.1,43.4,17.7,66.3,Compost
wheat,5.66,39.2,30.3,66.6,45.6,Urea
maize,5.16,38.2,32.6,16.0,64.7,Compost
sugarcane,6.36,129.5,26.2,65.9,40.9,NPK
maize,5.83,109.0,55.1,81.4,54.1,NPK
sugarcane,6.44,47.0,28.1,40.4,49.0,NPK
rice,6.47,83.6,38.0,83.6,64.6,NPK
rice,7.06,126.2,44.3,88.1,34.9,NPK
rice,5.67,114.9,95.0,63.6,70.4,NPK
rice,5.6,13.4,47.1,52.5,76.2,Compost
wheat,6.82,84.1,46.3,51.5,49.4,NPK
maize,8.27,30.8,45.5,37.9,37.4,Compost
maize,6.53,150.0,47.7,36.4,40.5,NPK
sugarcane,7.04,93.6,30.0,38.6,50.9,NPK
cotton,8.14,50.4,16.1,57.6,86.7,Compost
wheat,4.93,163.0,49.9,23.7,39.0,Compost
sugarcane,5.51,42.3,56.6,65.1,29.3,Compost
rice,4.88,61.9,76.4,50.2,46.8,Compost
sugarcane,6.28,20.7,53.0,83.5,40.1,Urea
cotton,6.99,177.2,33.1,40.3,48.6,NPK
maize,7.19,46.4,73.5,60.7,48.8,Urea
wheat,7.26,95.9,32.4,42.7,39.2,NPK
wheat,6.29,119.3,87.1,57.4,67.2,NPK
wheat,7.49,112.9,79.0,51.3,38.2,NPK
wheat,6.37,53.8,14.3,22.6,66.8,MOP
sugarcane,5.32,156.7,55.9,8.0,48.2,Compost
sugarcane,5.94,95.1,26.5,18.3,60.6,MOP
rice,7.06,90.5,5.0,66.0,69.9,DAP
sugarcane,6.43,28.7,32.8,72.1,15.8,Compost
maize,7.26,74.5,60.2,88.6,73.9,NPK
wheat,6.87,88.8,43.3,12.9,69.6,MOP
rice,5.34,182.5,58.6,53.9,55.4,Compost
wheat,7.57,136.1,25.3,41.2,55.9,NPK
sugarcane,7.11,104.4,19.9,51.6,66.3,DAP
cotton,6.62,14.3,65.3,21.5,54.2,NPK
sugarcane,6.33,88.5,72.7,18.8,91.5,MOP
cotton,4.6,115.0,34.7,32.5,64.0,Compost
sugarcane,6.11,67.7,49.3,30.2,34.0,NPK
maize,8.18,42.6,41.0,29.5,69.6,Compost
maize,6.95,113.7,51.3,35.6,82.5,NPK
rice,6.26,139.1,47.5,58.2,82.0,NPK
cotton,5.87,147.3,78.6,84.2,35.0,NPK
cotton,7.22,10.0,74.8,48.2,58.5,Urea
wheat,5.78,29.3,54.2,44.8,53.9,Urea
sugarcane,6.03,10.0,28.5,42.2,42.5,NPK
wheat,6.97,42.1,34.2,51.6,73.2,MOP
wheat,7.35,14.6,13.1,55.7,33.6,DAP
cotton,6.71,88.9,46.2,57.6,71.5,NPK
sugarcane,7.98,108.7,60.4,63.0,39.1,NPK
rice,6.71,131.1,38.1,63.6,24.4,Compost
cotton,7.12,90.4,5.0,50.0,48.1,DAP
sugarcane,6.68,156.9,50.6,61.5,74.2,NPK
wheat,6.0,84.1,10.4,28.5,50.8,MOP
rice,7.49,96.4,61.4,25.5,37.5,MOP
maize,5.88,111.3,16.9,47.4,62.1,DAP
sugarcane,6.16,117.2,5.0,98.2,59.1,DAP
cotton,6.26,80.1,28.7,50.4,27.6,NPK
rice,6.13,48.5,29.8,109.8,46.3,NPK
wheat,6.11,60.8,48.8,38.1,38.1,NPK
maize,5.57,55.3,52.2,70.4,48.2,Compost
sugarcane,4.6,35.7,24.0,62.4,30.0,Compost
rice,5.82,125.7,42.6,45.5,32.3,NPK
maize,6.06,87.8,39.7,58.1,76.8,NPK
wheat,6.47,64.4,64.5,59.7,37.7,NPK
maize,6.45,132.9,59.1,39.4,41.2,NPK
wheat,6.06,173.1,23.4,87.8,38.4,DAP
maize,6.57,123.6,85.2,58.2,49.2,NPK
rice,6.48,192.0,48.2,10.1,60.6,MOP
sugarcane,6.65,42.5,37.6,52.0,39.6,Urea
wheat,5.95,95.0,75.8,61.7,57.2,MOP
cotton,5.33,28.8,22.6,33.7,63.3,Compost
maize,5.89,10.0,57.5,61.2,62.6,Urea
cotton,6.13,42.8,20.2,83.2,53.2,DAP
rice,6.27,56.9,43.9,62.1,67.8,NPK
maize,7.28,54.8,8.8,51.1,68.6,DAP
wheat,5.15,125.4,45.8,45.4,46.6,Compost
wheat,6.82,153.3,20.1,30.8,45.4,MOP
cotton,5.31,10.5,56.8,62.2,62.5,Compost
wheat,7.31,103.8,22.8,8.0,50.4,MOP
maize,6.65,51.7,5.0,22.1,27.0,MOP
rice,7.27,100.4,60.9,44.6,48.2,NPK
sugarcane,5.61,124.1,37.1,19.5,68.5,MOP
rice,6.5,10.0,5.0,71.9,47.8,DAP
maize,7.29,85.4,26.0,33.0,41.0,NPK
sugarcane,6.11,79.7,16.9,64.8,49.3,DAP
sugarcane,6.18,118.4,67.9,8.0,39.1,MOP
cotton,6.44,72.9,5.0,72.6,53.8,DAP
wheat,8.63,98.9,21.2,86.1,26.3,Compost
cotton,7.07,45.8,33.6,89.2,50.6,Urea
cotton,7.02,34.3,49.4,16.9,73.4,NPK
maize,6.5,38.5,41.5,20.0,48.4,NPK
rice,6.44,10.0,51.1,56.1,56.3,Urea
wheat,5.68,77.7,47.3,8.8,15.0,Compost
cotton,6.27,45.1,44.2,32.3,50.2,NPK
wheat,6.23,108.5,68.3,15.8,57.7,MOP
sugarcane,6.65,87.1,62.2,8.0,65.2,MOP
sugarcane,6.03,10.0,41.6,19.1,60.1,NPK
maize,6.55,104.3,60.3,48.6,55.9,NPK
maize,5.65,149.1,13.0,39.1,73.0,DAP
cotton,5.83,67.2,31.9,42.5,38.0,NPK
cotton,6.99,95.4,78.8,33.8,48.2,NPK
maize,6.07,10.0,18.9,42.1,88.2,Urea
rice,7.88,112.5,5.0,8.6,42.1,MOP
sugarcane,6.77,68.5,19.7,44.3,53.3,DAP
maize,6.72,87.7,23.8,21.1,51.9,MOP
rice,7.86,80.1,63.2,86.2,41.5,NPK
rice,7.06,77.8,21.3,27.0,43.3,MOP
rice,6.44,200.0,28.0,47.1,31.0,NPK
cotton,6.92,114.5,10.7,38.0,47.6,DAP
wheat,5.76,200.0,5.4,76.2,67.6,DAP
rice,7.07,110.1,39.9,52.1,91.4,NPK
maize,5.63,65.1,47.1,8.0,61.5,MOP
maize,6.59,35.2,42.8,28.0,49.3,NPK
rice,7.14,97.8,48.2,25.2,55.2,MOP
wheat,6.3,18.3,28.5,31.1,31.8,NPK
cotton,6.71,98.4,5.9,24.1,33.8,MOP
maize,6.36,74.9,31.7,81.6,78.2,Urea
cotton,6.06,94.0,62.1,17.6,64.2,MOP
wheat,5.89,160.4,67.7,45.2,76.9,NPK
wheat,4.6,78.8,29.1,52.7,53.6,Compost
sugarcane,5.98,19.2,38.7,28.1,64.1,NPK
cotton,6.43,18.8,15.5,13.3,53.6,NPK
sugarcane,5.62,46.6,43.8,83.0,50.1,Urea
cotton,7.3,200.0,19.7,82.2,82.1,DAP
rice,6.63,18.0,41.0,33.4,63.3,NPK
sugarcane,5.86,157.7,63.6,27.9,70.3,MOP
cotton,7.41,37.6,60.3,58.5,45.9,Urea
cotton,5.93,107.9,39.0,66.7,42.1,NPK
wheat,7.43,63.8,8.2,37.6,56.3,DAP
sugarcane,6.1,23.1,32.4,49.7,32.7,Urea
wheat,7.16,57.6,33.1,81.3,52.2,NPK
sugarcane,5.64,49.5,45.7,30.9,57.2,NPK
rice,5.64,75.1,21.0,78.2,44.5,DAP
wheat,7.12,51.9,35.9,32.1,41.9,NPK
maize,5.86,121.7,39.0,27.7,42.0,MOP
maize,5.98,99.9,18.3,65.7,42.8,DAP
cotton,5.51,79.0,20.0,73.4,36.4,Compost
rice,7.7,124.1,42.5,51.1,52.4,NPK
sugarcane,7.72,127.1,15.8,51.3,45.0,DAP
wheat,5.55,51.0,38.9,44.4,32.8,Compost
wheat,6.86,102.2,22.5,28.2,47.1,MOP
sugarcane,6.64,100.9,12.9,49.9,54.6,DAP
cotton,6.03,116.7,5.0,42.8,53.5,DAP
sugarcane,5.28,49.5,16.8,64.0,36.8,Compost
wheat,7.28,131.8,56.8,66.6,36.2,NPK
rice,6.25,99.1,14.3,59.7,59.7,DAP
rice,5.51,124.7,33.2,60.5,56.9,Compost
wheat,6.97,89.4,55.5,23.9,42.8,MOP
sugarcane,6.64,69.5,17.7,40.4,41.3,DAP
sugarcane,6.57,109.0,84.4,36.7,38.6,NPK
cotton,7.23,81.1,15.6,30.5,27.7,NPK
sugarcane,5.82,190.3,11.2,18.8,43.4,MOP
wheat,6.98,75.4,48.7,68.0,41.6,NPK
maize,7.35,106.8,49.7,17.3,23.1,Compost
wheat,6.38,89.5,29.7,43.2,54.2,NPK
rice,7.32,102.0,31.7,58.1,35.3,NPK
cotton,5.31,63.3,38.8,69.9,64.6,Compost
rice,6.53,164.2,39.3,38.1,30.1,NPK
rice,7.05,100.4,33.7,55.1,51.7,NPK
maize,6.21,68.4,31.6,31.8,69.8,NPK
maize,6.99,167.4,48.4,25.3,37.4,MOP
cotton,7.22,71.3,43.3,53.1,36.8,NPK
maize,6.8,50.9,76.7,86.6,56.9,Urea
sugarcane,7.88,31.1,18.0,26.9,28.5,NPK
sugarcane,6.26,110.4,43.1,43.9,58.8,NPK
wheat,8.0,52.5,24.5,69.9,57.8,DAP
rice,6.85,99.3,61.8,32.2,53.2,NPK
wheat,7.19,10.0,15.2,64.5,53.2,DAP
cotton,6.71,97.3,47.1,37.9,54.9,NPK
wheat,6.97,51.8,16.4,34.0,62.7,NPK
cotton,6.15,129.4,22.8,58.8,15.0,Compost
sugarcane,6.25,171.2,32.2,87.4,68.2,NPK
maize,5.86,153.0,47.5,49.4,46.0,Urea
maize,5.92,44.5,72.6,36.0,51.0,Urea
cotton,6.89,19.5,42.2,51.3,73.3,Urea
cotton,7.46,158.9,51.7,93.6,71.5,NPK
wheat,6.1,84.8,55.8,61.6,72.8,NPK
rice,7.21,188.8,90.2,55.9,78.5,NPK
wheat,6.87,123.1,40.4,33.0,46.4,NPK
rice,6.92,108.8,55.9,70.6,47.0,NPK
sugarcane,5.75,111.3,31.3,61.6,58.6,NPK
cotton,6.89,46.3,16.4,74.1,59.8,DAP
sugarcane,6.15,106.1,53.6,22.8,58.8,MOP
maize,6.34,61.7,45.3,60.0,46.1,NPK
rice,6.88,167.9,21.0,71.5,39.7,DAP
maize,7.92,44.0,5.0,23.9,86.1,NPK
rice,5.36,47.2,20.3,32.3,53.8,Compost
wheat,6.07,138.7,12.6,22.8,52.2,MOP
rice,5.39,41.8,48.6,22.0,66.3,Compost
sugarcane,5.73,173.9,37.7,26.4,63.6,MOP
maize,6.01,147.7,46.3,21.2,68.5,MOP
sugarcane,7.22,178.6,19.9,71.1,49.0,DAP
rice,6.82,51.3,62.3,23.1,29.6,MOP
wheat,7.95,77.6,11.3,42.5,59.4,DAP
cotton,7.3,10.0,56.3,52.9,75.4,Urea
cotton,6.58,53.9,47.3,78.0,26.1,Urea
sugarcane,5.43,112.0,66.7,99.8,51.9,Compost
sugarcane,6.8,99.7,5.0,34.3,67.6,NPK
cotton,6.15,80.4,78.4,31.5,37.5,NPK
cotton,6.68,70.8,21.3,40.0,75.2,DAP
rice,4.91,89.8,49.3,8.0,49.6,Compost
rice,6.01,101.4,28.8,21.4,56.9,MOP
sugarcane,6.59,119.2,41.3,35.1,51.4,NPK
rice,6.2,20.7,11.4,40.3,64.0,DAP
wheat,5.52,52.5,44.2,67.8,57.4,Compost
maize,5.91,10.0,37.2,18.8,59.9,NPK
cotton,4.93,86.3,20.6,34.3,65.5,Compost
wheat,7.31,149.9,58.0,57.3,61.1,NPK
sugarcane,7.66,107.0,15.8,8.0,35.4,MOP
sugarcane,5.73,88.3,59.5,26.0,73.7,MOP
rice,7.31,31.7,52.9,35.4,59.3,Urea
wheat,7.65,111.2,61.8,57.1,34.2,NPK
cotton,6.92,22.9,67.5,41.8,15.0,Compost
cotton,5.65,10.0,18.0,83.2,81.8,DAP
rice,6.48,102.4,56.1,52.7,72.2,NPK
rice,6.24,100.2,42.5,100.1,54.3,NPK
rice,5.97,58.2,43.3,8.0,60.8,MOP
maize,6.69,165.2,38.3,54.9,56.5,NPK
maize,6.61,34.3,55.3,57.5,56.3,NPK
maize,5.91,187.7,57.7,52.6,53.8,NPK
cotton,7.64,89.8,55.1,55.7,74.1,NPK
sugarcane,5.54,87.2,36.6,71.2,58.3,Compost
wheat,7.3,57.5,67.9,69.5,52.9,NPK
rice,5.77,59.3,46.9,81.1,60.8,NPK
sugarcane,7.48,200.0,52.8,44.0,59.2,NPK
wheat,5.57,110.9,43.7,8.0,58.6,Compost
sugarcane,5.98,96.7,61.1,17.0,55.9,MOP
wheat,7.07,73.8,10.5,45.4,60.9,MOP
sugarcane,7.42,91.3,32.5,79.2,31.5,NPK
cotton,7.11,52.9,40.7,35.0,64.3,NPK
maize,5.97,111.7,13.8,20.7,74.8,Urea
cotton,6.15,10.0,62.9,71.9,41.4,Urea
cotton,6.27,60.4,37.6,37.2,35.5,NPK
wheat,6.39,94.4,48.3,42.5,43.5,NPK
sugarcane,6.09,175.2,38.5,99.0,51.0,NPK
wheat,7.52,120.5,60.5,53.5,50.7,NPK
maize,6.17,109.4,65.9,74.0,58.4,NPK
wheat,6.83,163.9,57.3,73.1,34.9,DAP
cotton,4.94,63.4,51.5,69.0,68.8,Compost
maize,7.24,50.9,54.9,61.3,37.3,Urea
rice,6.59,40.0,58.0,61.0,48.9,Urea
sugarcane,5.52,79.4,5.0,87.7,24.6,Compost
rice,7.41,85.7,27.0,45.2,64.6,NPK
wheat,5.43,54.3,54.6,45.5,26.9,Compost
sugarcane,5.57,130.8,32.7,33.8,58.5,Compost
wheat,6.85,131.3,60.9,36.8,78.3,NPK
sugarcane,7.01,136.6,45.3,8.6,85.7,MOP
wheat,5.45,106.9,30.9,19.4,20.9,Compost
cotton,7.64,72.8,5.0,32.8,45.7,NPK
cotton,7.11,161.0,58.8,68.9,52.7,NPK
maize,7.09,83.3,14.4,39.8,50.8,DAP
wheat,6.21,127.2,50.9,39.0,25.5,NPK
wheat,5.8,80.5,57.9,51.2,48.5,NPK
sugarcane,5.43,48.1,20.6,49.2,74.3,Compost
rice,6.94,99.5,93.9,47.5,24.8,Compost
sugarcane,6.97,111.0,23.7,51.6,46.7,DAP
maize,6.16,78.6,51.9,99.0,51.7,NPK
sugarcane,8.76,53.0,26.9,29.1,51.8,Compost
cotton,6.58,87.9,48.3,64.9,74.9,NPK
sugarcane,5.29,85.2,39.5,50.2,49.7,Compost
sugarcane,4.69,63.6,25.9,45.3,67.0,Compost
rice,8.32,130.2,28.5,74.9,29.0,Compost
rice,6.72,69.2,46.9,20.2,59.0,MOP
rice,6.71,164.0,38.7,46.9,52.0,NPK
maize,5.33,47.9,31.6,8.0,75.7,Compost
rice,6.11,70.3,8.7,80.5,52.7,DAP
sugarcane,6.06,90.6,24.0,66.7,25.0,Compost
cotton,4.6,141.4,8.0,61.2,46.3,Compost
cotton,7.34,96.7,39.8,38.7,47.0,NPK
sugarcane,6.82,62.3,30.1,64.9,44.3,NPK
wheat,7.3,200.0,62.8,27.4,30.1,MOP
sugarcane,7.46,148.4,64.0,53.0,24.0,Compost
rice,6.18,37.1,62.3,31.8,54.5,NPK
cotton,7.2,68.4,47.5,69.4,57.9,NPK
wheat,6.34,123.4,20.6,80.3,41.9,DAP
rice,7.98,118.6,47.8,58.8,62.6,NPK
sugarcane,6.23,159.0,31.8,33.9,53.4,NPK
rice,6.42,55.8,60.0,45.5,41.2,NPK
maize,5.58,80.5,52.2,63.5,70.9,Compost
maize,6.69,126.0,5.0,62.0,32.1,DAP
maize,6.28,109.5,37.7,88.7,57.8,NPK
rice,7.44,158.3,15.7,86.3,77.9,DAP
rice,5.45,128.7,40.9,41.4,78.0,Compost
sugarcane,6.14,147.9,42.7,37.2,46.3,NPK
wheat,8.39,84.4,19.9,46.6,53.0,NPK
rice,6.97,33.3,51.3,8.0,58.4,NPK
sugarcane,7.81,10.0,14.0,73.8,74.6,DAP
rice,5.87,147.7,69.7,76.2,53.2,NPK
cotton,5.95,69.1,27.8,66.6,43.6,NPK
maize,5.71,135.5,68.2,8.9,65.1,MOP
maize,6.46,121.6,82.0,34.7,39.5,NPK
rice,5.99,23.9,5.0,85.7,60.2,DAP
maize,6.69,110.5,42.6,33.1,68.5,NPK
rice,6.56,165.7,24.0,57.8,49.4,DAP
maize,6.3,28.5,53.3,8.0,39.8,NPK
rice,7.19,66.5,23.6,25.4,46.0,MOP
maize,5.89,71.3,16.5,42.9,44.8,DAP
sugarcane,7.26,95.6,5.2,37.1,45.5,DAP
cotton,6.4,118.6,24.0,25.2,70.8,MOP
sugarcane,7.92,50.4,67.7,41.5,55.7,Urea
wheat,6.24,52.0,20.4,51.4,46.6,DAP
sugarcane,7.7,112.0,24.2,61.3,57.4,DAP
sugarcane,7.53,98.7,34.6,19.0,15.0,Compost
maize,5.34,139.0,63.6,14.7,39.4,Compost
sugarcane,6.48,76.6,30.2,83.7,43.7,NPK
maize,5.81,10.0,39.2,87.8,36.2,DAP
wheat,6.7,10.0,24.1,17.3,51.3,NPK
rice,8.36,67.8,40.8,20.2,83.6,Compost
maize,7.89,74.2,21.9,34.1,48.8,NPK
sugarcane,6.99,100.0,30.7,67.0,37.8,NPK
cotton,6.13,54.6,38.4,30.3,59.5,NPK
maize,6.9,163.6,62.1,59.6,43.4,NPK
maize,7.62,85.3,57.4,20.8,26.2,MOP
wheat,5.79,61.6,53.3,49.9,49.0,NPK
sugarcane,5.58,10.0,5.0,84.0,35.2,Compost
sugarcane,6.46,88.8,43.0,31.0,15.0,Compost
sugarcane,6.22,92.6,46.5,23.0,22.9,Compost
cotton,6.0,83.2,57.8,44.9,53.3,NPK
wheat,5.66,83.2,31.4,23.3,43.0,MOP
maize,6.0,37.3,21.8,70.0,59.0,DAP
rice,6.07,130.8,54.6,41.2,74.6,NPK
sugarcane,6.1,113.4,33.2,8.0,15.0,Compost
sugarcane,6.28,84.8,46.1,48.3,39.6,NPK
wheat,6.98,124.1,36.7,42.2,40.7,NPK
sugarcane,5.85,111.6,31.9,61.7,39.0,NPK
wheat,6.13,88.9,57.7,59.6,73.0,NPK
cotton,6.64,99.3,27.1,52.6,50.1,NPK
sugarcane,6.77,10.0,49.4,45.2,45.6,Urea
sugarcane,6.77,44.9,40.1,65.3,54.8,Urea
wheat,6.41,71.1,37.6,85.4,42.4,NPK
sugarcane,4.87,122.9,60.2,73.1,53.8,Compost
maize,4.89,67.9,5.0,31.5,67.3,Compost
sugarcane,5.67,79.5,48.6,8.0,51.8,MOP
cotton,5.94,110.9,38.4,45.6,93.3,NPK
maize,6.66,130.0,32.0,38.2,36.2,NPK
wheat,4.98,88.1,50.1,63.4,39.0,Compost
maize,7.04,124.9,39.3,48.0,62.9,NPK
cotton,6.86,40.3,25.5,53.6,50.4,NPK
wheat,4.92,16.9,22.4,70.4,49.1,Compost
cotton,8.02,22.9,31.7,39.8,39.9,Compost
cotton,5.85,127.7,29.7,58.6,64.4,NPK
wheat,7.66,173.4,30.6,72.3,33.6,NPK
rice,5.72,65.4,58.2,24.4,45.4,MOP
maize,6.94,79.3,71.0,10.9,55.0,MOP
sugarcane,5.66,66.9,49.7,30.7,43.2,NPK
rice,5.84,81.2,36.6,61.9,65.9,NPK
sugarcane,6.08,48.4,17.1,33.1,74.3,NPK
wheat,7.17,43.2,33.9,19.9,34.4,NPK
rice,6.88,42.5,36.4,21.6,28.6,NPK
rice,6.43,10.0,22.6,40.7,61.3,DAP
sugarcane,6.13,60.9,24.8,51.1,60.1,DAP
maize,7.01,186.2,36.3,59.8,67.3,NPK
maize,6.73,158.5,69.7,49.8,59.2,NPK
maize,4.78,104.0,56.8,54.1,35.4,Compost
cotton,6.67,129.2,6.5,43.4,70.4,DAP
sugarcane,6.28,48.4,58.8,25.9,48.8,NPK
sugarcane,5.59,57.4,41.9,40.3,20.8,Compost
sugarcane,5.84,61.1,15.5,56.1,63.7,DAP
sugarcane,6.49,33.5,21.2,38.6,59.7,DAP
wheat,5.19,80.2,11.4,94.8,46.3,Compost
wheat,7.55,107.0,55.2,81.3,21.0,Compost
rice,5.87,51.8,83.2,34.2,42.9,NPK
wheat,6.93,173.0,34.9,48.0,57.8,NPK
wheat,6.06,25.0,27.4,42.0,61.6,NPK
rice,6.34,158.8,51.8,59.2,41.3,NPK
maize,5.98,113.2,18.5,8.0,60.4,MOP
rice,6.32,89.1,52.9,56.1,53.4,NPK
rice,5.58,83.0,35.0,26.5,55.6,Compost
rice,5.6,71.3,56.6,22.9,89.0,Compost
sugarcane,5.45,200.0,56.5,36.3,54.2,Compost
cotton,7.06,73.2,57.0,110.0,42.3,NPK
rice,7.47,52.2,42.1,27.5,62.1,MOP
sugarcane,8.22,19.9,24.9,43.8,33.7,Compost
sugarcane,6.97,94.7,34.9,68.5,54.7,NPK
wheat,6.11,127.1,30.9,31.2,95.0,NPK
rice,6.17,65.2,59.6,8.0,20.7,Compost
wheat,6.57,121.2,18.3,17.6,53.0,MOP
sugarcane,5.96,59.1,59.4,62.8,32.6,NPK
rice,8.06,63.3,41.0,47.7,42.9,Compost
maize,5.67,136.5,71.1,75.7,46.3,NPK
maize,6.28,95.8,42.4,15.4,72.9,MOP
maize,6.04,139.5,34.7,44.6,35.0,NPK
sugarcane,6.75,160.7,39.3,46.3,36.3,NPK
wheat,6.27,58.2,5.0,20.1,46.8,MOP
wheat,6.2,97.6,61.4,66.5,43.5,Urea
maize,5.2,141.2,44.3,67.6,87.5,Compost
rice,5.52,55.9,60.3,8.0,64.7,Compost
maize,5.47,68.3,31.4,32.9,23.2,Compost
wheat,8.52,82.3,46.7,59.3,50.6,Compost
cotton,6.07,40.6,44.9,48.2,70.1,Urea
rice,6.44,104.4,25.8,43.9,19.7,Compost
cotton,7.46,61.4,40.1,27.7,83.9,MOP
sugarcane,6.24,97.8,44.1,73.6,54.8,NPK
wheat,5.78,107.0,44.4,37.0,37.3,NPK
cotton,6.54,69.0,22.0,62.9,35.1,DAP
wheat,6.23,154.1,8.4,110.0,47.9,DAP
wheat,6.49,36.6,19.5,62.3,58.4,DAP
cotton,6.12,44.9,53.9,110.0,46.1,Urea
rice,7.42,109.4,12.5,64.4,35.0,DAP
wheat,6.45,78.1,10.1,72.6,70.2,DAP
maize,7.14,101.5,13.8,61.9,15.0,Compost
cotton,7.17,87.4,21.1,65.6,69.4,DAP
rice,6.02,112.9,46.3,71.2,29.9,NPK
rice,7.88,20.0,48.7,48.5,59.5,Urea
sugarcane,5.53,22.5,51.0,56.9,44.2,Compost
wheat,5.13,53.8,75.9,36.9,69.1,Compost
rice,5.5,52.1,13.2,38.9,56.5,Compost
sugarcane,8.6,110.5,28.1,38.0,72.2,Compost
cotton,6.16,18.1,56.7,62.1,76.0,Urea
sugarcane,5.97,121.0,34.8,29.9,82.7,MOP
rice,5.81,85.8,5.0,61.1,59.4,DAP
sugarcane,6.43,102.1,81.2,46.1,80.3,NPK
rice,4.93,100.8,5.0,52.5,39.8,Urea
sugarcane,6.75,152.4,31.5,32.1,66.1,NPK
sugarcane,7.94,10.0,16.0,23.2,42.9,NPK
maize,6.18,69.9,31.1,93.3,31.1,NPK
cotton,7.72,45.4,65.2,62.7,64.3,MOP
rice,7.5,142.1,25.3,52.7,40.2,NPK
sugarcane,7.64,45.2,13.3,83.2,76.5,DAP
maize,7.86,96.1,80.2,12.4,42.1,MOP
cotton,7.25,112.9,14.7,8.0,59.3,MOP
rice,6.42,89.3,64.5,30.4,55.2,NPK
cotton,7.03,146.6,37.4,39.8,66.7,NPK
wheat,5.63,113.9,7.6,57.1,31.8,DAP
wheat,7.11,72.6,39.5,39.9,50.4,NPK
maize,7.86,147.4,12.7,82.8,75.9,DAP
wheat,6.66,104.6,55.3,50.0,66.4,NPK
wheat,5.56,102.6,47.4,8.0,54.9,Compost
sugarcane,6.87,107.0,50.1,71.5,51.7,NPK
cotton,7.15,155.6,68.4,29.3,15.0,Compost
maize,5.25,132.9,83.0,46.0,42.3,Compost
rice,6.21,161.1,65.9,16.8,52.6,MOP
rice,6.47,46.6,50.2,79.1,81.0,Urea
rice,6.77,107.1,33.8,8.1,30.0,MOP
maize,6.38,200.0,21.2,31.8,52.4,NPK
rice,6.24,117.9,72.0,55.2,48.3,NPK
cotton,7.68,134.0,65.2,92.0,41.6,NPK
rice,6.55,13.7,5.2,49.0,40.0,DAP
wheat,5.72,66.9,37.5,29.5,79.3,MOP
maize,7.18,87.9,98.1,39.7,53.3,NPK
sugarcane,7.24,143.4,75.2,64.4,53.2,NPK
cotton,7.23,76.8,52.3,91.1,55.5,NPK
rice,4.86,119.9,14.5,44.2,56.2,Compost
wheat,5.39,142.1,63.3,25.4,32.0,Compost
maize,7.15,10.0,31.8,62.5,40.8,Compost
rice,7.06,45.5,47.5,30.3,72.0,NPK
cotton,6.34,16.1,39.7,23.1,20.3,Compost
maize,6.13,111.8,36.1,15.5,45.9,MOP
maize,5.62,101.6,54.0,55.2,60.0,NPK
maize,5.71,90.6,14.0,21.8,70.1,MOP
cotton,5.64,107.3,5.0,68.8,31.2,DAP
cotton,6.57,110.5,43.1,77.0,50.9,NPK
cotton,7.06,51.1,39.3,65.2,59.2,Urea
sugarcane,5.66,100.6,66.5,16.8,35.8,MOP
cotton,7.29,109.1,5.0,13.2,47.8,Compost
wheat,7.1,150.0,54.9,33.2,51.0,NPK
cotton,5.75,113.6,47.0,68.1,35.2,NPK
wheat,6.78,50.6,5.0,58.4,58.6,DAP
sugarcane,7.96,102.9,20.8,78.2,45.1,DAP
sugarcane,7.38,136.1,18.9,52.2,76.0,DAP
wheat,5.36,120.6,53.7,63.6,53.3,Compost
maize,5.61,10.0,49.0,105.3,45.3,Urea
wheat,5.35,121.2,66.0,80.5,51.0,Compost
rice,6.14,131.2,47.5,46.6,30.8,NPK
sugarcane,6.7,130.2,34.4,16.7,79.8,MOP
rice,6.66,184.9,44.6,22.1,60.0,MOP
cotton,6.48,75.6,27.0,57.6,41.9,MOP
rice,5.85,43.4,17.6,34.6,95.0,NPK
sugarcane,6.04,93.1,22.7,8.0,16.7,Compost
sugarcane,6.72,97.1,51.7,32.3,27.4,NPK
cotton,5.96,71.0,23.4,68.0,66.5,DAP
maize,5.0,175.7,93.1,56.5,68.0,Compost
sugarcane,6.08,130.5,57.1,84.9,30.8,NPK
cotton,7.26,106.8,53.3,8.0,82.6,DAP
cotton,5.54,96.8,18.9,12.8,45.4,Compost
sugarcane,6.33,37.9,42.7,31.5,54.3,NPK
wheat,7.71,94.0,40.6,55.7,27.1,NPK
wheat,6.56,58.9,45.4,85.8,64.1,NPK
maize,5.99,82.4,44.6,46.2,15.0,Compost
sugarcane,6.41,70.9,75.9,55.1,60.6,NPK
maize,7.18,10.0,64.7,32.7,24.0,Compost
maize,6.04,10.0,17.8,41.7,15.0,Compost
rice,5.42,14.4,42.2,40.2,64.1,Compost
cotton,5.9,112.6,39.6,63.3,25.4,NPK
sugarcane,6.38,141.3,12.7,8.0,56.3,MOP
cotton,6.87,10.0,45.1,8.0,65.9,NPK
sugarcane,6.98,148.8,90.6,21.1,52.2,MOP
wheat,7.35,90.0,56.5,28.1,54.4,MOP
maize,6.33,176.7,56.7,42.2,52.5,NPK
cotton,6.49,72.3,23.4,46.0,54.5,MOP
sugarcane,6.92,143.1,13.2,43.0,62.9,DAP
sugarcane,7.09,85.4,20.3,70.6,43.8,DAP
sugarcane,6.69,114.9,66.5,25.8,58.8,MOP
wheat,6.96,125.4,37.8,51.8,64.2,NPK
sugarcane,5.96,130.4,23.7,63.3,57.3,DAP
maize,5.59,46.2,47.7,50.8,63.6,Compost
wheat,6.69,53.2,69.5,64.4,51.7,Urea
cotton,5.74,85.7,74.4,45.1,58.3,NPK
maize,5.72,71.7,75.1,100.2,55.6,NPK
sugarcane,6.81,100.5,17.7,89.2,30.7,DAP
maize,5.89,115.3,53.7,40.5,29.6,NPK
wheat,6.49,88.5,44.4,11.1,55.2,MOP
sugarcane,4.89,10.0,19.0,69.1,40.6,Compost
maize,7.03,54.2,28.1,58.8,79.5,NPK
cotton,6.58,115.3,40.1,57.2,81.2,NPK
rice,6.16,128.7,19.3,32.2,22.5,Compost
sugarcane,7.22,96.1,42.4,52.0,70.6,NPK
wheat,7.34,57.5,35.1,21.7,52.1,MOP
cotton,5.64,151.4,51.9,8.0,76.6,MOP
wheat,5.2,31.0,24.4,69.6,24.7,Compost
rice,5.61,137.2,56.9,44.5,18.4,Compost
wheat,5.25,145.7,13.5,62.6,15.0,Compost
rice,6.88,146.4,57.7,11.0,48.7,MOP
rice,5.6,71.7,57.3,57.8,55.2,Compost
sugarcane,6.91,104.9,23.4,16.5,39.2,MOP
maize,6.98,49.6,5.0,51.9,72.1,DAP
cotton,7.64,81.7,27.1,50.8,77.9,NPK
maize,5.86,70.7,86.9,44.1,81.8,NPK
sugarcane,7.43,115.9,5.0,51.9,78.9,DAP
maize,6.71,167.0,18.0,68.1,58.9,DAP
maize,6.95,64.4,39.9,34.5,38.8,NPK
cotton,6.41,10.0,73.5,11.8,54.7,NPK
sugarcane,5.98,39.7,5.0,8.0,35.7,NPK
wheat,7.33,170.8,91.9,29.0,42.2,MOP
maize,6.54,100.5,87.5,55.5,39.5,NPK
rice,6.87,87.3,25.1,30.6,61.8,NPK
maize,7.08,31.5,20.2,62.1,80.6,DAP
wheat,5.63,116.5,31.3,44.6,48.9,NPK
sugarcane,5.46,92.3,15.5,73.9,32.3,Compost
rice,6.6,133.2,19.2,44.7,88.8,DAP
wheat,6.01,60.0,29.6,70.7,58.9,NPK
maize,6.83,63.5,32.6,42.9,42.1,NPK
rice,6.68,153.2,21.6,21.8,31.3,MOP
rice,5.81,123.0,32.5,80.6,56.4,NPK
rice,6.18,118.2,71.8,8.0,61.1,DAP
rice,7.71,10.0,17.9,57.8,64.0,DAP
wheat,7.1,145.1,11.0,47.7,69.5,DAP
wheat,6.6,88.7,49.4,104.6,66.9,NPK
rice,6.65,16.1,5.0,44.0,45.6,DAP
rice,6.94,46.9,32.5,23.1,40.6,NPK
maize,6.79,84.8,47.8,53.6,90.5,NPK
rice,5.6,52.0,58.7,38.9,67.7,Urea
rice,5.3,97.6,32.1,50.8,49.3,Compost
cotton,7.55,95.4,32.8,49.4,74.3,NPK
rice,6.27,98.4,52.4,87.4,56.5,NPK
rice,7.22,141.4,22.6,10.8,59.8,MOP
wheat,7.86,52.1,38.6,19.4,62.6,MOP
sugarcane,5.72,200.0,41.0,47.6,53.3,NPK
rice,5.26,10.0,17.6,53.2,62.5,Compost
cotton,5.8,10.0,5.0,41.9,42.1,MOP
rice,8.17,66.9,49.0,67.0,62.2,Compost
wheat,6.06,163.4,42.2,51.1,65.7,NPK
wheat,7.69,64.1,48.2,54.5,73.0,NPK
sugarcane,6.5,44.9,25.0,8.0,75.9,NPK
cotton,4.83,46.9,48.0,27.1,56.8,Compost
wheat,5.57,82.6,66.4,15.6,67.1,Compost
cotton,7.41,138.8,50.0,8.0,61.5,MOP
maize,7.59,80.1,31.0,99.7,35.6,NPK
wheat,4.87,53.4,44.6,66.4,43.3,Compost
sugarcane,7.28,97.5,17.3,51.8,68.5,DAP
cotton,6.98,88.0,72.3,51.8,44.1,NPK
rice,5.97,77.9,5.0,68.5,61.7,DAP
rice,5.38,70.6,62.8,58.8,39.8,Compost
wheat,5.32,145.8,55.6,70.0,87.2,Compost
cotton,6.29,43.9,69.9,8.0,41.1,NPK
cotton,7.36,31.9,5.0,61.7,27.3,DAP
cotton,5.41,104.6,52.1,60.5,60.7,Compost
wheat,6.95,115.8,71.0,35.9,77.6,NPK
cotton,7.5,120.9,26.6,61.7,33.7,NPK
maize,6.47,126.0,73.6,53.6,47.1,NPK
rice,7.66,82.2,35.5,22.3,25.3,MOP
rice,6.0,158.3,58.6,64.2,38.9,NPK
cotton,5.95,145.0,30.6,54.5,74.0,NPK
maize,5.4,67.9,47.8,53.6,40.7,Compost
maize,7.84,41.0,30.3,71.1,75.5,Urea
maize,7.21,46.4,35.4,49.6,70.6,Urea
maize,6.5,35.7,71.6,91.6,42.4,Urea
maize,7.03,45.5,17.1,53.1,42.5,DAP
rice,6.41,159.8,45.9,61.3,46.1,NPK
maize,6.22,82.0,39.4,56.2,30.8,NPK
sugarcane,5.8,144.9,5.0,18.5,42.0,MOP
wheat,7.04,89.2,7.3,58.2,50.3,DAP
wheat,7.78,161.1,42.5,91.8,49.9,NPK
maize,6.45,108.4,44.2,22.9,48.5,MOP
cotton,6.94,114.3,64.2,77.2,71.7,NPK
maize,5.57,137.3,42.1,50.6,73.5,Compost
wheat,6.05,23.3,48.0,40.0,49.4,Urea
sugarcane,6.83,92.3,59.8,110.0,87.0,Urea
rice,7.01,105.5,29.4,57.9,88.4,NPK
rice,6.18,62.3,34.5,55.7,33.6,NPK
rice,7.78,28.7,27.7,47.6,32.2,NPK
wheat,6.5,10.0,18.0,68.5,42.4,DAP
rice,6.63,98.5,42.7,19.4,24.1,Compost
maize,6.32,70.2,50.6,50.6,36.2,NPK
cotton,7.66,85.1,17.2,61.1,69.3,Urea
wheat,5.18,70.4,27.1,52.6,49.0,Compost
cotton,6.36,79.1,51.1,58.9,52.0,NPK
wheat,6.36,153.1,18.3,81.8,55.5,DAP
maize,6.5,92.1,22.0,55.4,39.6,DAP
wheat,6.05,105.3,29.0,46.8,56.4,NPK
cotton,5.15,74.7,9.0,41.4,44.8,Compost
sugarcane,5.66,12.6,51.2,8.0,51.9,NPK
sugarcane,5.61,164.3,13.0,57.4,26.9,DAP
maize,5.22,85.1,70.9,70.3,76.9,Compost
rice,8.27,11.2,71.7,24.2,68.5,Compost
sugarcane,7.2,110.5,32.9,32.7,88.0,NPK
rice,6.51,135.3,13.7,18.3,66.2,MOP
sugarcane,6.26,50.7,46.0,41.2,40.3,MOP
rice,5.86,66.7,51.1,55.9,28.0,NPK
maize,5.96,97.0,37.6,74.2,75.7,NPK
maize,6.82,101.5,62.9,39.7,95.0,NPK
maize,6.83,65.2,58.4,8.0,75.3,MOP
cotton,7.14,131.3,22.6,54.5,69.3,DAP
cotton,4.6,123.3,10.4,37.9,48.3,Compost
maize,6.21,115.5,31.7,8.0,45.5,MOP
cotton,6.18,149.8,64.3,33.8,52.2,NPK
rice,5.45,128.1,72.4,22.0,15.0,Compost
rice,6.65,60.9,66.9,59.0,55.9,NPK
cotton,6.24,116.9,5.0,44.4,68.1,DAP
sugarcane,7.56,45.5,62.7,31.9,41.3,NPK
wheat,6.29,131.5,25.4,50.4,51.0,NPK
wheat,5.39,122.8,30.3,8.0,53.9,Compost
cotton,5.66,86.6,35.1,8.0,81.7,MOP
rice,5.44,120.1,81.2,51.4,56.5,Compost
sugarcane,6.39,104.5,15.2,22.9,56.8,MOP
wheat,6.5,103.0,13.0,30.1,53.3,NPK
wheat,6.86,88.6,80.3,64.5,43.0,NPK
cotton,6.42,47.4,44.4,43.2,77.0,Urea
rice,6.56,33.9,51.2,62.6,46.9,Urea
sugarcane,6.93,51.6,46.5,39.1,36.1,Urea
wheat,5.72,123.2,54.2,26.6,55.1,MOP
cotton,8.43,22.5,47.8,77.9,56.4,Urea
maize,6.99,105.1,6.1,42.5,34.9,DAP
sugarcane,6.05,167.3,49.9,75.0,52.6,NPK
rice,5.29,39.5,58.7,67.1,17.5,Urea
rice,6.19,128.6,100.0,20.1,46.7,MOP
maize,7.46,25.9,5.0,58.7,62.3,DAP
sugarcane,5.52,111.6,18.7,38.8,58.5,Compost
cotton,6.99,75.1,5.0,69.1,31.6,DAP
sugarcane,7.12,164.7,50.6,8.0,43.5,MOP
cotton,7.6,72.1,38.1,51.5,68.2,NPK
wheat,6.05,54.4,32.5,24.6,71.2,MOP
cotton,6.39,21.6,43.4,58.7,64.5,Urea
maize,7.13,115.8,19.8,53.9,64.4,DAP
wheat,6.56,133.5,26.3,13.3,31.1,MOP
wheat,5.66,136.6,35.5,44.1,55.0,NPK
maize,6.47,131.1,5.0,72.5,28.1,DAP
wheat,6.98,63.1,52.6,41.7,61.6,NPK
rice,6.72,41.0,43.4,48.6,43.6,Urea
cotton,5.87,43.4,62.0,77.1,37.5,Urea
sugarcane,6.2,10.0,50.4,67.5,32.3,Urea
cotton,5.53,78.7,5.0,22.1,49.0,Compost
rice,5.42,12.7,25.2,8.0,45.3,Compost
sugarcane,6.13,100.5,20.7,83.0,41.3,DAP
cotton,6.53,73.9,42.3,67.4,51.9,NPK
wheat,7.62,145.3,61.0,14.5,56.1,MOP
cotton,6.82,140.3,24.0,28.5,43.0,MOP
wheat,7.68,121.2,48.6,67.4,46.5,NPK
cotton,6.18,145.1,53.9,39.2,35.4,NPK
wheat,6.07,127.8,29.2,40.7,66.1,NPK
wheat,7.14,129.2,5.6,28.9,52.3,MOP
rice,6.94,79.0,5.0,82.1,43.4,DAP
cotton,5.33,129.2,31.7,110.0,55.3,Compost
sugarcane,7.58,111.4,17.5,25.1,36.0,MOP
sugarcane,5.21,126.6,66.8,66.8,69.2,Compost
sugarcane,5.43,175.4,60.7,56.9,41.3,Compost
cotton,6.27,110.3,55.1,60.2,90.4,NPK
rice,5.7,94.9,50.9,30.5,53.1,NPK
sugarcane,6.47,27.2,43.0,33.8,17.8,Compost
rice,7.91,28.8,89.2,40.8,21.6,Compost
sugarcane,7.57,10.0,51.3,86.3,69.7,Urea
wheat,5.07,94.7,46.3,57.7,57.7,Compost
maize,6.0,144.1,40.0,8.0,62.4,MOP
sugarcane,6.04,49.2,11.7,8.0,54.0,NPK
rice,6.2,171.5,15.5,65.9,55.1,DAP
wheat,5.93,97.2,17.2,59.5,93.0,DAP
sugarcane,5.72,78.7,54.2,42.3,71.7,NPK
sugarcane,5.99,68.6,31.5,8.0,64.7,MOP
rice,6.32,77.7,41.0,54.7,77.4,NPK
sugarcane,5.66,27.9,54.4,44.6,40.3,Urea
sugarcane,5.36,51.5,38.9,42.1,59.0,Compost
wheat,6.83,22.4,17.9,28.9,15.0,Compost
maize,6.13,58.5,35.4,61.2,48.2,NPK
cotton,5.92,30.5,52.0,57.8,37.9,Urea
cotton,5.62,69.9,71.6,64.0,53.8,NPK
wheat,6.2,83.1,61.2,32.0,69.4,NPK
rice,6.67,65.7,65.3,47.6,60.7,NPK
rice,6.44,99.8,36.8,71.5,78.6,NPK
maize,7.4,92.8,80.7,105.0,73.2,NPK
rice,6.92,123.7,67.1,18.0,33.7,MOP
sugarcane,7.22,119.1,63.8,75.5,77.0,NPK
cotton,6.1,55.4,23.6,62.4,55.6,DAP
sugarcane,5.86,186.1,61.1,64.7,15.0,Compost
cotton,6.74,10.0,42.5,38.1,59.7,Urea
rice,6.04,65.7,68.4,64.4,77.7,NPK
cotton,6.64,86.9,44.9,83.1,41.8,NPK
sugarcane,6.36,105.8,47.4,39.1,33.8,NPK
wheat,7.11,59.0,10.3,63.7,65.7,DAP
wheat,5.95,60.8,36.0,63.6,74.2,NPK
sugarcane,7.04,153.7,71.5,61.0,41.2,NPK
rice,6.86,46.8,5.0,38.2,44.9,DAP
maize,5.34,125.4,33.4,21.4,64.4,Compost
sugarcane,7.02,108.5,70.0,45.1,70.0,NPK
maize,7.66,152.5,49.9,63.9,53.6,NPK
cotton,6.51,96.4,77.9,50.5,36.9,NPK
maize,5.82,76.2,20.5,87.2,53.1,DAP
wheat,6.16,151.2,56.1,58.7,71.4,NPK
cotton,6.28,45.3,74.9,61.0,61.3,Urea
sugarcane,6.43,103.9,5.0,45.3,62.1,DAP
cotton,5.2,141.4,41.7,22.8,72.0,Compost
wheat,5.53,90.9,52.6,51.4,45.7,Compost
rice,5.37,10.0,37.4,93.5,68.5,Compost
cotton,6.37,127.6,44.2,17.5,31.7,MOP
rice,7.02,144.6,38.8,21.2,67.0,MOP
wheat,5.98,155.7,60.3,70.6,54.9,NPK
cotton,7.16,131.0,31.2,29.8,74.7,MOP
wheat,4.86,90.7,5.0,59.5,49.9,Urea
sugarcane,7.02,23.8,59.4,57.3,20.0,Compost
sugarcane,6.63,52.3,5.0,80.4,26.6,DAP
cotton,5.62,73.6,38.1,70.8,45.9,NPK
wheat,5.95,194.0,27.8,98.1,37.2,NPK
maize,8.61,69.0,26.8,42.8,63.3,Compost
cotton,6.2,70.9,59.8,30.0,48.1,NPK
rice,6.22,137.1,44.2,48.7,51.3,NPK
cotton,7.38,116.5,68.9,21.3,61.5,MOP
cotton,6.2,90.9,63.9,38.9,61.7,NPK
maize,6.29,99.6,30.4,31.7,22.7,Compost
sugarcane,7.49,163.1,75.0,60.1,42.4,NPK
sugarcane,5.73,45.8,9.8,63.1,33.6,DAP
maize,5.94,144.9,28.8,62.1,69.0,NPK
maize,5.93,10.0,22.3,28.4,39.3,NPK
cotton,6.39,147.8,61.7,110.0,56.6,NPK
cotton,6.37,63.3,67.6,41.9,40.8,NPK
sugarcane,5.89,48.3,25.0,64.5,48.7,DAP
wheat,6.11,137.1,15.8,41.5,70.1,DAP
maize,6.16,102.5,16.3,52.9,43.5,DAP
cotton,7.81,72.2,35.1,28.6,37.7,MOP
sugarcane,6.08,143.8,68.1,33.1,77.9,NPK
sugarcane,6.56,62.4,29.6,64.4,19.1,Compost
cotton,6.31,39.1,67.5,79.3,60.4,Urea
sugarcane,5.72,60.9,35.5,33.1,38.5,NPK
wheat,8.82,111.8,50.1,43.1,64.6,Compost
maize,8.29,85.0,58.3,51.1,81.3,Compost
wheat,5.79,138.7,84.4,10.5,47.1,MOP
wheat,6.6,120.9,14.9,76.3,56.5,DAP
sugarcane,5.91,115.3,33.6,43.4,36.4,NPK
cotton,6.64,80.1,29.5,8.7,49.3,MOP
rice,7.33,73.8,10.4,62.0,48.6,DAP
wheat,6.17,82.1,68.1,61.4,80.0,NPK
cotton,6.05,145.1,20.1,27.1,79.9,MOP
maize,7.44,118.8,72.5,52.4,34.5,NPK
maize,6.31,45.2,61.6,27.0,66.2,NPK
maize,6.18,147.8,5.0,39.3,67.5,DAP
cotton,5.79,10.0,70.4,45.4,47.5,Urea
wheat,5.06,68.7,61.5,80.0,57.0,Compost
sugarcane,7.66,169.6,62.0,48.4,52.2,NPK
maize,7.77,148.9,58.9,8.0,66.3,MOP
maize,7.33,13.5,5.0,58.1,42.4,DAP
cotton,5.87,56.0,24.6,67.8,29.0,DAP
rice,7.02,132.8,14.0,24.6,72.6,MOP
rice,6.73,89.3,29.2,45.6,73.7,NPK
maize,6.27,68.3,70.8,58.3,87.5,NPK
maize,6.04,56.3,23.1,23.7,26.3,MOP
sugarcane,5.84,109.3,14.4,72.6,85.2,DAP
wheat,5.68,36.0,10.7,33.2,41.4,NPK
rice,6.17,103.6,18.2,39.0,67.3,DAP
wheat,5.34,32.2,27.4,8.0,44.3,Compost
sugarcane,6.81,44.3,31.7,46.6,77.6,Urea
rice,7.22,73.6,63.0,45.8,60.4,NPK
cotton,6.94,124.0,61.4,48.8,31.3,Urea
maize,5.47,139.3,21.9,72.7,81.2,Compost
sugarcane,5.2,91.1,80.1,70.6,28.6,Compost
rice,7.81,85.1,37.2,92.1,66.9,NPK
rice,6.48,76.9,8.1,50.2,73.5,DAP
cotton,6.22,140.3,50.6,76.1,32.1,NPK
cotton,6.3,123.2,32.8,68.4,30.4,NPK
sugarcane,6.16,136.7,25.2,54.0,51.9,NPK
rice,6.49,38.8,33.4,52.8,38.6,Urea
sugarcane,6.09,182.4,26.6,40.4,50.6,NPK
sugarcane,5.33,87.2,58.1,56.4,66.7,Compost
rice,7.23,25.2,37.5,21.6,48.1,NPK
cotton,6.97,40.9,5.5,64.4,64.0,DAP
rice,6.91,52.0,41.4,81.3,67.3,Urea
rice,7.53,10.0,22.9,47.1,53.9,DAP
sugarcane,6.76,42.2,27.5,78.0,48.1,NPK
wheat,7.65,96.0,38.9,79.0,46.7,NPK
sugarcane,6.19,40.3,69.0,25.3,23.5,Compost
wheat,6.87,188.8,13.8,29.5,51.5,MOP
rice,7.13,17.6,37.3,20.1,16.4,Compost
cotton,6.33,10.0,29.1,8.0,68.4,NPK
rice,6.89,145.0,28.5,68.5,48.9,NPK
cotton,5.71,62.3,27.5,57.3,57.6,MOP
cotton,6.53,48.2,10.5,36.4,70.5,DAP
rice,6.62,32.9,43.2,67.6,46.6,MOP
wheat,6.61,127.5,11.7,49.2,71.2,DAP
sugarcane,5.48,65.1,41.5,63.3,63.2,Compost
rice,5.96,53.3,58.0,40.5,42.5,Urea
sugarcane,6.51,141.0,47.9,36.3,58.2,NPK
rice,7.12,94.6,75.7,66.9,63.7,NPK
rice,5.93,63.6,6.8,52.4,38.7,DAP
wheat,7.29,142.1,66.1,63.0,43.0,NPK
wheat,6.46,105.0,37.8,72.3,43.0,NPK
rice,7.55,128.0,46.6,72.9,51.7,NPK
wheat,6.42,10.0,28.3,70.8,83.3,NPK
rice,7.18,18.6,77.8,31.7,57.9,NPK
cotton,7.01,106.5,38.1,31.1,55.2,NPK
wheat,6.21,10.0,16.6,60.1,36.2,DAP
rice,5.5,10.0,54.4,32.9,73.1,Compost
cotton,7.81,144.5,41.0,69.8,42.8,NPK
maize,4.6,87.7,17.3,73.3,40.6,Compost
wheat,6.23,57.7,48.6,80.7,53.0,NPK
wheat,6.86,59.3,77.2,8.0,35.8,MOP
rice,7.25,79.0,55.7,68.5,37.9,NPK
sugarcane,6.32,62.1,54.6,59.1,38.4,NPK
cotton,5.35,136.5,84.5,28.3,35.2,Compost
sugarcane,6.34,81.2,5.0,65.0,58.1,DAP
sugarcane,5.56,79.0,5.0,49.6,63.7,Compost
cotton,6.47,125.1,54.9,67.7,63.2,NPK
sugarcane,5.78,99.1,29.9,17.4,37.9,MOP
maize,6.73,123.6,43.0,76.7,46.7,NPK
rice,7.7,106.1,60.2,50.6,42.8,NPK
cotton,5.89,136.0,56.6,34.8,48.2,NPK
maize,5.84,69.4,50.8,65.5,49.7,NPK
maize,6.56,31.2,33.0,69.8,40.1,Urea
wheat,7.02,191.4,52.5,13.7,48.5,MOP
rice,6.02,90.2,6.7,56.1,71.6,DAP
wheat,4.6,59.4,65.5,66.7,68.8,Compost
wheat,5.56,102.3,55.2,51.6,45.8,Compost
sugarcane,6.72,117.7,67.9,73.6,29.8,NPK
sugarcane,7.34,155.5,54.2,42.4,54.8,NPK
rice,7.85,82.9,13.9,50.8,52.6,DAP
rice,6.28,55.4,47.9,18.3,19.7,Compost
wheat,6.3,62.5,67.8,59.7,73.3,NPK
sugarcane,5.93,97.6,51.7,47.2,69.2,NPK
cotton,5.87,165.6,5.0,19.2,36.0,MOP
sugarcane,6.72,48.0,19.6,56.8,57.8,DAP
rice,6.66,111.7,5.0,80.9,29.8,DAP
cotton,8.05,142.5,45.1,86.1,45.9,Compost
maize,6.46,118.2,69.6,9.8,43.3,MOP
wheat,5.96,64.6,51.5,52.7,63.1,NPK
wheat,4.94,135.3,26.1,68.9,61.1,Compost
rice,7.92,61.4,56.1,31.5,43.3,MOP
rice,6.49,29.8,36.4,58.2,31.7,Urea
cotton,6.65,96.7,31.3,57.3,54.8,NPK
maize,6.93,116.6,8.6,34.3,15.0,Compost
cotton,7.2,103.6,40.8,101.1,61.0,NPK
cotton,7.34,18.5,16.1,54.5,48.5,DAP
cotton,7.67,50.7,57.0,88.1,58.3,Urea
maize,7.45,103.3,26.6,16.4,33.5,MOP
maize,6.16,178.1,39.5,55.3,31.2,NPK
rice,6.33,64.1,43.6,17.5,64.7,MOP
sugarcane,7.53,65.9,34.3,38.2,56.1,NPK
maize,6.15,10.0,43.7,36.8,40.7,Urea
rice,6.51,80.5,57.6,39.4,80.4,NPK
rice,7.06,66.2,100.0,22.1,46.1,MOP
